time_s,agent_id,x,y,base_speed,desired_speed,speed_factor,extinction_per_m
0.0,1,-49.64226379018813,-0.08005403342208706,1.25,1.1490793201133145,0.9192634560906515,1.0
0.1,1,-49.613384531581566,-0.08003784615111231,1.25,1.1490793201133145,0.9192634560906515,1.0
0.2,1,-49.54695648712157,-0.07999606229289632,1.25,1.1490793201133145,0.9192634560906515,1.0
0.31,1,-49.45246119809496,-0.07992612543574949,1.25,1.1490793201133145,0.9192634560906515,1.0
0.41,1,-49.357488746745254,-0.07984489592784653,1.25,1.1490793201133145,0.9192634560906515,1.0
0.52,1,-49.24772506843922,-0.0797399479798308,1.25,1.1490793201133145,0.9192634560906515,1.0
0.63,1,-49.13433341408104,-0.07962189410336507,1.25,1.1490793201133145,0.9192634560906515,1.0
0.74,1,-49.01827327127162,-0.07949342690964241,1.25,1.1490793201133145,0.9192634560906515,1.0
0.85,1,-48.9001348956946,-0.07935670995620994,1.25,1.1490793201133145,0.9192634560906515,1.0
0.95,1,-48.79129511676545,-0.0792267325564056,1.25,1.1490793201133145,0.9192634560906515,1.0
1.06,1,-48.67029647488858,-0.07907880436161885,1.25,1.1490793201133145,0.9192634560906515,1.0
1.17,1,-48.54822152960389,-0.07892679125892813,1.25,1.1490793201133145,0.9192634560906515,1.0
1.27,1,-48.43649181349233,-0.07878583004903796,1.25,1.1490793201133145,0.9192634560906515,1.0
1.37,1,-48.32418070525601,-0.07864281465772446,1.25,1.1490793201133145,0.9192634560906515,1.0
1.48,1,-48.20009331819431,-0.07848366992652697,1.25,1.1490793201133145,0.9192634560906515,1.0
1.58,1,-48.086884371223384,-0.07833773495603422,1.25,1.1490793201133145,0.9192634560906515,1.0
1.69,1,-47.961997852481296,-0.07817619450073855,1.25,1.1490793201133145,0.9192634560906515,1.0
1.79,1,-47.848201491827325,-0.0780286848868762,1.25,1.1490793201133145,0.9192634560906515,1.0
1.89,1,-47.734201794879034,-0.07788075758118303,1.25,1.1490793201133145,0.9192634560906515,1.0
2.0,1,-47.60861145780687,-0.0777177476504844,1.25,1.1490793201133145,0.9192634560906515,1.0
2.1,1,-47.49429774449173,-0.07756943572081468,1.25,1.1490793201133145,0.9192634560906515,1.0
2.2,1,-47.37987533274375,-0.07742111881212528,1.25,1.1490793201133145,0.9192634560906515,1.0
2.3,1,-47.26536410645731,-0.07727288368838248,1.25,1.1490793201133145,0.9192634560906515,1.0
2.41,1,-47.13931847527639,-0.07711000364028445,1.25,1.1490793201133145,0.9192634560906515,1.0
2.51,1,-47.02467009088249,-0.07696215527988838,1.25,1.1490793201133145,0.9192634560906515,1.0
2.62,1,-46.89850238013223,-0.07679982575697704,1.25,1.1490793201133145,0.9192634560906515,1.0
2.72,1,-46.78376425923033,-0.07665256980153713,1.25,1.1490793201133145,0.9192634560906515,1.0
2.83,1,-46.65751667719157,-0.07649097296482747,1.25,1.1490793201133145,0.9192634560906515,1.0
2.93,1,-46.542719845639084,-0.0763444424145153,1.25,1.1490793201133145,0.9192634560906515,1.0
3.03,1,-46.42790269107741,-0.0761982894688933,1.25,1.1490793201133145,0.9192634560906515,1.0
3.14,1,-46.301584763969956,-0.07603797558767074,1.25,1.1490793201133145,0.9192634560906515,1.0
3.24,1,-46.18673622415922,-0.07589266194506404,1.25,1.1490793201133145,0.9192634560906515,1.0
3.35,1,-46.06039036214591,-0.07573329760683012,1.25,1.1490793201133145,0.9192634560906515,1.0
3.45,1,-45.9455212883357,-0.07558886601179855,1.25,1.1490793201133145,0.9192634560906515,1.0
3.55,1,-45.83064510656635,-0.07544486429398618,1.25,1.1490793201133145,0.9192634560906515,1.0
3.66,1,-45.704274641412155,-0.0752869641806312,1.25,1.1490793201133145,0.9192634560906515,1.0
3.76,1,-45.58938748266413,-0.07514387837895672,1.25,1.1490793201133145,0.9192634560906515,1.0
3.87,1,-45.46300724728088,-0.0749869926844298,1.25,1.1490793201133145,0.9192634560906515,1.0
3.97,1,-45.34811290676374,-0.07484483356660013,1.25,1.1490793201133145,0.9192634560906515,1.0
4.07,1,-45.23321608023294,-0.07470311768817817,1.25,1.1490793201133145,0.9192634560906515,1.0
4.18,1,-45.10682723988484,-0.07454774285806362,1.25,1.1490793201133145,0.9192634560906515,1.0
4.28,1,-44.991926574140166,-0.07440695925875604,1.25,1.1490793201133145,0.9192634560906515,1.0
4.39,1,-44.86553431663435,-0.07425261001922964,1.25,1.1490793201133145,0.9192634560906515,1.0
4.49,1,-44.750631139045524,-0.07411275822452869,1.25,1.1490793201133145,0.9192634560906515,1.0
4.6,1,-44.62423664582683,-0.07395943279139741,1.25,1.1490793201133145,0.9192634560906515,1.0
4.71,1,-44.49784130956171,-0.07380664228002645,1.25,1.1490793201133145,0.9192634560906515,1.0
4.81,1,-44.382935868869474,-0.07366820500565341,1.25,1.1490793201133145,0.9192634560906515,1.0
4.92,1,-44.25653936132852,-0.07351643228224204,1.25,1.1490793201133145,0.9192634560906515,1.0
5.02,1,-44.14163305966323,-0.07337891797494676,1.25,1.1490793201133145,0.9192634560906515,1.0
5.13,1,-44.01523578579161,-0.07322815780578418,1.25,1.1490793201133145,0.9192634560906515,1.0
5.23,1,-43.90032892081473,-0.07309156141029662,1.25,1.1490793201133145,0.9192634560906515,1.0
5.34,1,-43.77393114555051,-0.07294180797818002,1.25,1.1490793201133145,0.9192634560906515,1.0
5.44,1,-43.6590239120091,-0.07280612402349333,1.25,1.1490793201133145,0.9192634560906515,1.0
5.55,1,-43.53262580868996,-0.07265737115585644,1.25,1.1490793201133145,0.9192634560906515,1.0
5.65,1,-43.417718333998735,-0.07252259392326603,1.25,1.1490793201133145,0.9192634560906515,1.0
5.76,1,-43.291320016032174,-0.07237483524200669,1.25,1.1490793201133145,0.9192634560906515,1.0
5.86,1,-43.17641238355331,-0.07224095887539587,1.25,1.1490793201133145,0.9192634560906515,1.0
5.97,1,-43.05001392513724,-0.07209418789512571,1.25,1.1490793201133145,0.9192634560906515,1.0
6.07,1,-42.93510618941125,-0.07196120647320993,1.25,1.1490793201133145,0.9192634560906515,1.0
6.18,1,-42.80870763909042,-0.07181541666553214,1.25,1.1490793201133145,0.9192634560906515,1.0
6.28,1,-42.69379983580103,-0.07168332424904916,1.25,1.1490793201133145,0.9192634560906515,1.0
6.39,1,-42.56740122533646,-0.07153850908446399,1.25,1.1490793201133145,0.9192634560906515,1.0
6.5,1,-42.441002592186955,-0.07139420184930244,1.25,1.1490793201133145,0.9192634560906515,1.0
6.6,1,-42.326094728002204,-0.07126345272194581,1.25,1.1490793201133145,0.9192634560906515,1.0
6.71,1,-42.19969606332508,-0.07112011023645114,1.25,1.1490793201133145,0.9192634560906515,1.0
6.81,1,-42.08478817595854,-0.07099023522409921,1.25,1.1490793201133145,0.9192634560906515,1.0
6.92,1,-41.958389490640656,-0.07084785105594524,1.25,1.1490793201133145,0.9192634560906515,1.0
7.02,1,-41.84348158809508,-0.07071884433692732,1.25,1.1490793201133145,0.9192634560906515,1.0
7.13,1,-41.71708288925958,-0.07057741211247623,1.25,1.1490793201133145,0.9192634560906515,1.0
7.23,1,-41.60217497677111,-0.07044926792120432,1.25,1.1490793201133145,0.9192634560906515,1.0
7.34,1,-41.47577626907869,-0.07030878133082702,1.25,1.1490793201133145,0.9192634560906515,1.0
7.44,1,-41.360868350073424,-0.07018149396152149,1.25,1.1490793201133145,0.9192634560906515,1.0
7.55,1,-41.23446963657371,-0.07004194676270915,1.25,1.1490793201133145,0.9192634560906515,1.0
7.65,1,-41.119561713293464,-0.06991551057149886,1.25,1.1490793201133145,0.9192634560906515,1.0
7.76,1,-40.993162995982026,-0.06977689659052752,1.25,1.1490793201133145,0.9192634560906515,1.0
7.86,1,-40.87825506989386,-0.06965130599648704,1.25,1.1490793201133145,0.9192634560906515,1.0
7.97,1,-40.751856350076636,-0.06951361912913653,1.25,1.1490793201133145,0.9192634560906515,1.0
8.07,1,-40.63694842214068,-0.06938886861462953,1.25,1.1490793201133145,0.9192634560906515,1.0
8.18,1,-40.51054970067244,-0.0692521028262878,1.25,1.1490793201133145,0.9192634560906515,1.0
8.29,1,-40.38415097857683,-0.06911581712282343,1.25,1.1490793201133145,0.9192634560906515,1.0
8.4,1,-40.25775225597549,-0.06898000987741557,1.25,1.1490793201133145,0.9192634560906515,1.0
8.51,1,-40.13135353296591,-0.06884467947310105,1.25,1.1490793201133145,0.9192634560906515,1.0
8.62,1,-40.0049548096262,-0.0687098243027203,1.25,1.1490793201133145,0.9192634560906515,1.0
8.73,1,-39.878556086018925,-0.06857544276885878,1.25,1.1490793201133145,0.9192634560906515,1.0
8.84,1,-39.75215736219425,-0.06844153328378538,1.25,1.1490793201133145,0.9192634560906515,1.0
8.95,1,-39.625758638192394,-0.06830809426938847,1.25,1.1490793201133145,0.9192634560906515,1.0
9.06,1,-39.499359914045634,-0.06817512415711008,1.25,1.1490793201133145,0.9192634560906515,1.0
9.17,1,-39.372961189779836,-0.06804262138787887,1.25,1.1490793201133145,0.9192634560906515,1.0
9.28,1,-39.24656246541578,-0.06791058441204224,1.25,1.1490793201133145,0.9192634560906515,1.0
9.38,1,-39.131654534104555,-0.06779095370222496,1.25,1.1490793201133145,0.9192634560906515,1.0
9.49,1,-39.00525580959645,-0.0676598016989318,1.25,1.1490793201133145,0.9192634560906515,1.0
9.6,1,-38.87885708503007,-0.06752911103386944,1.25,1.1490793201133145,0.9192634560906515,1.0
9.7,1,-38.76394915356302,-0.06741070039945014,1.25,1.1490793201133145,0.9192634560906515,1.0
9.81,1,-38.63755042890855,-0.06728088627589733,1.25,1.1490793201133145,0.9192634560906515,1.0
9.92,1,-38.51115170421712,-0.06715152911284894,1.25,1.1490793201133145,0.9192634560906515,1.0
10.03,1,-38.38475297949346,-0.06702262742304248,1.25,1.1490793201133145,0.9192634560906515,1.0
10.13,1,-38.2698450479018,-0.06690583806986436,1.25,1.1490793201133145,0.9192634560906515,1.0
10.24,1,-38.14344632312674,-0.06677780182205476,1.25,1.1490793201133145,0.9192634560906515,1.0
10.35,1,-38.01704759832882,-0.06665021677117758,1.25,1.1490793201133145,0.9192634560906515,1.0
10.45,1,-37.90213966667631,-0.06653462067306576,1.25,1.1490793201133145,0.9192634560906515,1.0
10.56,1,-37.77574094184035,-0.06640789297087439,1.25,1.1490793201133145,0.9192634560906515,1.0
10.67,1,-37.64934221698676,-0.06628161226285581,1.25,1.1490793201133145,0.9192634560906515,1.0
10.78,1,-37.52294349211677,-0.06615577712100892,1.25,1.1490793201133145,0.9192634560906515,1.0
10.88,1,-37.40803556040343,-0.06604176699115892,1.25,1.1490793201133145,0.9192634560906515,1.0
10.99,1,-37.28163683550489,-0.06591677854076186,1.25,1.1490793201133145,0.9192634560906515,1.0
11.1,1,-37.15523811059256,-0.06579223155010326,1.25,1.1490793201133145,0.9192634560906515,1.0
11.2,1,-37.04033017884267,-0.06567938892371407,1.25,1.1490793201133145,0.9192634560906515,1.0
11.31,1,-36.91393145390577,-0.06555568085197556,1.25,1.1490793201133145,0.9192634560906515,1.0
11.42,1,-36.787532728956755,-0.06543241020341908,1.25,1.1490793201133145,0.9192634560906515,1.0
11.53,1,-36.66113400399611,-0.0653095756063461,1.25,1.1490793201133145,0.9192634560906515,1.0
11.63,1,-36.546226072203964,-0.0651982850349584,1.25,1.1490793201133145,0.9192634560906515,1.0
11.74,1,-36.41982734722222,-0.06507627911976734,1.25,1.1490793201133145,0.9192634560906515,1.0
11.85,1,-36.29342862222994,-0.06495470531105649,1.25,1.1490793201133145,0.9192634560906515,1.0
11.95,1,-36.178520690409925,-0.06484455750691441,1.25,1.1490793201133145,0.9192634560906515,1.0
12.06,1,-36.052121965398456,-0.06472380491244273,1.25,1.1490793201133145,0.9192634560906515,1.0
12.17,1,-35.92572324037736,-0.06460348054589328,1.25,1.1490793201133145,0.9192634560906515,1.0
12.28,1,-35.79932451534693,-0.06448358308910529,1.25,1.1490793201133145,0.9192634560906515,1.0
12.39,1,-35.67292579030744,-0.06436411123154907,1.25,1.1490793201133145,0.9192634560906515,1.0
12.5,1,-35.546527065259134,-0.0642450636702713,1.25,1.1490793201133145,0.9192634560906515,1.0
12.61,1,-35.420128340202304,-0.06412643910984062,1.25,1.1490793201133145,0.9192634560906515,1.0
12.71,1,-35.30522040832526,-0.0640189645832813,1.25,1.1490793201133145,0.9192634560906515,1.0
12.82,1,-35.17882168325283,-0.06390114399967035,1.25,1.1490793201133145,0.9192634560906515,1.0
12.93,1,-35.052422958172556,-0.06378374269065114,1.25,1.1490793201133145,0.9192634560906515,1.0
13.03,1,-34.93751502627483,-0.06367737699533402,1.25,1.1490793201133145,0.9192634560906515,1.0
13.14,1,-34.81111630118031,-0.06356077260874232,1.25,1.1490793201133145,0.9192634560906515,1.0
13.25,1,-34.68471757607868,-0.06344458383239605,1.25,1.1490793201133145,0.9192634560906515,1.0
13.36,1,-34.55831885097016,-0.06332880942074631,1.25,1.1490793201133145,0.9192634560906515,1.0
13.46,1,-34.443410919047544,-0.06322391848603844,1.25,1.1490793201133145,0.9192634560906515,1.0
13.57,1,-34.31701219392652,-0.06310893170125835,1.25,1.1490793201133145,0.9192634560906515,1.0
13.68,1,-34.19061346879928,-0.06299435569804432,1.25,1.1490793201133145,0.9192634560906515,1.0
13.78,1,-34.07570553686023,-0.0628905511334099,1.25,1.1490793201133145,0.9192634560906515,1.0
13.89,1,-33.94930681172177,-0.06277675597313395,1.25,1.1490793201133145,0.9192634560906515,1.0
14.0,1,-33.822908086577776,-0.06266336807031203,1.25,1.1490793201133145,0.9192634560906515,1.0
14.11,1,-33.69650936142846,-0.06255038622694868,1.25,1.1490793201133145,0.9192634560906515,1.0
14.21,1,-33.581601429470105,-0.06244802682340328,1.25,1.1490793201133145,0.9192634560906515,1.0
14.32,1,-33.45520270431126,-0.062335816882319976,1.25,1.1490793201133145,0.9192634560906515,1.0
14.43,1,-33.32880397914776,-0.06222400955404848,1.25,1.1490793201133145,0.9192634560906515,1.0
14.53,1,-33.2138960471771,-0.062122714917003816,1.25,1.1490793201133145,0.9192634560906515,1.0
14.64,1,-33.08749732200532,-0.062011672965050904,1.25,1.1490793201133145,0.9192634560906515,1.0
14.75,1,-32.96109859682953,-0.06190103023558638,1.25,1.1490793201133145,0.9192634560906515,1.0
14.86,1,-32.83469987164995,-0.06179078557599645,1.25,1.1490793201133145,0.9192634560906515,1.0
14.96,1,-32.719791939665406,-0.0616909076261617,1.25,1.1490793201133145,0.9192634560906515,1.0
15.07,1,-32.59339321447922,-0.06158141974092368,1.25,1.1490793201133145,0.9192634560906515,1.0
15.18,1,-32.46699448928989,-0.06147232660920434,1.25,1.1490793201133145,0.9192634560906515,1.0
15.28,1,-32.352086557297056,-0.061373492640724316,1.25,1.1490793201133145,0.9192634560906515,1.0
15.39,1,-32.22568783210234,-0.0612651500037169,1.25,1.1490793201133145,0.9192634560906515,1.0
15.5,1,-32.09928910690513,-0.061157198857681644,1.25,1.1490793201133145,0.9192634560906515,1.0
15.61,1,-31.972890381705646,-0.06104963809336081,1.25,1.1490793201133145,0.9192634560906515,1.0
15.72,1,-31.846491656504103,-0.060942466607693487,1.25,1.1490793201133145,0.9192634560906515,1.0
15.83,1,-31.720092931300716,-0.06083568330377535,1.25,1.1490793201133145,0.9192634560906515,1.0
15.94,1,-31.593694206095712,-0.06072928709081888,1.25,1.1490793201133145,0.9192634560906515,1.0
16.05,1,-31.4672954808893,-0.06062327688411393,1.25,1.1490793201133145,0.9192634560906515,1.0
16.16,1,-31.340896755681715,-0.06051765160498872,1.25,1.1490793201133145,0.9192634560906515,1.0
16.26,1,-31.22598882367397,-0.06042196174929253,1.25,1.1490793201133145,0.9192634560906515,1.0
16.37,1,-31.09959009846472,-0.060317068358267896,1.25,1.1490793201133145,0.9192634560906515,1.0
16.48,1,-30.973191373254913,-0.06021255679084472,1.25,1.1490793201133145,0.9192634560906515,1.0
16.58,1,-30.858283441245703,-0.06011787672130449,1.25,1.1490793201133145,0.9192634560906515,1.0
16.69,1,-30.73188471603544,-0.06001409116398008,1.25,1.1490793201133145,0.9192634560906515,1.0
16.8,1,-30.60548599082526,-0.05991068437612297,1.25,1.1490793201133145,0.9192634560906515,1.0
16.91,1,-30.479087265615377,-0.05980765531922222,1.25,1.1490793201133145,0.9192634560906515,1.0
17.01,1,-30.36417933360682,-0.05971431945413058,1.25,1.1490793201133145,0.9192634560906515,1.0
17.12,1,-30.23778060839808,-0.05961200865692931,1.25,1.1490793201133145,0.9192634560906515,1.0
17.23,1,-30.111381883190262,-0.05951007260210736,1.25,1.1490793201133145,0.9192634560906515,1.0
17.33,1,-29.99647395118413,-0.0594177277957752,1.25,1.1490793201133145,0.9192634560906515,1.0
17.44,1,-29.870075225978653,-0.059316504340963125,1.25,1.1490793201133145,0.9192634560906515,1.0
17.55,1,-29.743676500774722,-0.05921565268771676,1.25,1.1490793201133145,0.9192634560906515,1.0
17.65,1,-29.62876856877266,-0.05912429116270557,1.25,1.1490793201133145,0.9192634560906515,1.0
17.76,1,-29.502369843572254,-0.05902414654015237,1.25,1.1490793201133145,0.9192634560906515,1.0
17.87,1,-29.375971118374007,-0.05892437082526977,1.25,1.1490793201133145,0.9192634560906515,1.0
17.98,1,-29.249572393178134,-0.05882496303396874,1.25,1.1490793201133145,0.9192634560906515,1.0
18.08,1,-29.134664461184126,-0.058734910763502575,1.25,1.1490793201133145,0.9192634560906515,1.0
18.19,1,-29.008265735993373,-0.05863620265865335,1.25,1.1490793201133145,0.9192634560906515,1.0
18.3,1,-28.881867010805607,-0.05853785964524971,1.25,1.1490793201133145,0.9192634560906515,1.0
18.4,1,-28.766959078819504,-0.05844877291015332,1.25,1.1490793201133145,0.9192634560906515,1.0
18.51,1,-28.640560353638037,-0.05835112421954863,1.25,1.1490793201133145,0.9192634560906515,1.0
18.62,1,-28.514161628460176,-0.058253837833286595,1.25,1.1490793201133145,0.9192634560906515,1.0
18.73,1,-28.38776290328613,-0.05815691280356251,1.25,1.1490793201133145,0.9192634560906515,1.0
18.83,1,-28.272854971313212,-0.058069111920757324,1.25,1.1490793201133145,0.9192634560906515,1.0
18.94,1,-28.146456246147032,-0.05797287414038526,1.25,1.1490793201133145,0.9192634560906515,1.0
19.05,1,-28.020057520985286,-0.05787699498875989,1.25,1.1490793201133145,0.9192634560906515,1.0
19.15,1,-27.90514958902408,-0.05779014254972245,1.25,1.1490793201133145,0.9192634560906515,1.0
19.26,1,-27.778750863871373,-0.05769494548130937,1.25,1.1490793201133145,0.9192634560906515,1.0
19.37,1,-27.652352138723703,-0.05760010435712551,1.25,1.1490793201133145,0.9192634560906515,1.0
19.48,1,-27.525953413581284,-0.057505618264232845,1.25,1.1490793201133145,0.9192634560906515,1.0
19.58,1,-27.411045481638364,-0.05742002913705356,1.25,1.1490793201133145,0.9192634560906515,1.0
19.69,1,-27.284646756506554,-0.05732621831414071,1.25,1.1490793201133145,0.9192634560906515,1.0
19.8,1,-27.1582480313806,-0.05723275989502975,1.25,1.1490793201133145,0.9192634560906515,1.0
19.9,1,-27.043340099453182,-0.05714810274879847,1.25,1.1490793201133145,0.9192634560906515,1.0
20.01,1,-26.916941374338997,-0.05705531462343605,1.25,1.1490793201133145,0.9192634560906515,1.0
20.12,1,-26.79054264923128,-0.05696287631601876,1.25,1.1490793201133145,0.9192634560906515,1.0
20.23,1,-26.664143924130247,-0.056870786947152877,1.25,1.1490793201133145,0.9192634560906515,1.0
20.33,1,-26.549235992226187,-0.05678737140098307,1.25,1.1490793201133145,0.9192634560906515,1.0
20.44,1,-26.422837267138473,-0.05669594576297814,1.25,1.1490793201133145,0.9192634560906515,1.0
20.55,1,-26.296438542058045,-0.05660486653256625,1.25,1.1490793201133145,0.9192634560906515,1.0
20.65,1,-26.18153061017324,-0.056522367109456864,1.25,1.1490793201133145,0.9192634560906515,1.0
20.76,1,-26.055131885107293,-0.05643194681649042,1.25,1.1490793201133145,0.9192634560906515,1.0
20.87,1,-25.92873316004924,-0.05634187044026088,1.25,1.1490793201133145,0.9192634560906515,1.0
20.98,1,-25.802334434999278,-0.05625213713368576,1.25,1.1490793201133145,0.9192634560906515,1.0
21.08,1,-25.687426503142884,-0.056170858396527336,1.25,1.1490793201133145,0.9192634560906515,1.0
21.19,1,-25.561027778108972,-0.05608177770565193,1.25,1.1490793201133145,0.9192634560906515,1.0
21.3,1,-25.434629053083754,-0.05599303764648778,1.25,1.1490793201133145,0.9192634560906515,1.0
21.4,1,-25.31972112125037,-0.055912659757195095,1.25,1.1490793201133145,0.9192634560906515,1.0
21.51,1,-25.19332239624235,-0.055824567696519126,1.25,1.1490793201133145,0.9192634560906515,1.0
21.62,1,-25.066923671243632,-0.05573681386828731,1.25,1.1490793201133145,0.9192634560906515,1.0
21.73,1,-24.940524946254435,-0.05564939745657923,1.25,1.1490793201133145,0.9192634560906515,1.0
21.83,1,-24.82561701445451,-0.05557022010796147,1.25,1.1490793201133145,0.9192634560906515,1.0
21.94,1,-24.69921828948406,-0.05548344560556147,1.25,1.1490793201133145,0.9192634560906515,1.0
22.05,1,-24.572819564523723,-0.05539700617148157,1.25,1.1490793201133145,0.9192634560906515,1.0
22.15,1,-24.457911632750555,-0.055318714957503,1.25,1.1490793201133145,0.9192634560906515,1.0
22.26,1,-24.33151290781012,-0.055232912985564285,1.25,1.1490793201133145,0.9192634560906515,1.0
22.37,1,-24.20511418288041,-0.05514744377109015,1.25,1.1490793201133145,0.9192634560906515,1.0
22.48,1,-24.07871545796163,-0.05506230652825221,1.25,1.1490793201133145,0.9192634560906515,1.0
22.58,1,-23.963807526226947,-0.054985196451629983,1.25,1.1490793201133145,0.9192634560906515,1.0
22.69,1,-23.837408801329612,-0.05490069080633277,1.25,1.1490793201133145,0.9192634560906515,1.0
22.8,1,-23.711010076443817,-0.05481651487115832,1.25,1.1490793201133145,0.9192634560906515,1.0
22.9,1,-23.596102144739636,-0.05474027675861876,1.25,1.1490793201133145,0.9192634560906515,1.0
23.01,1,-23.46970341987643,-0.05465672813813016,1.25,1.1490793201133145,0.9192634560906515,1.0
23.12,1,-23.343304695025374,-0.05457350700236364,1.25,1.1490793201133145,0.9192634560906515,1.0
23.23,1,-23.216905970186666,-0.05449061259458747,1.25,1.1490793201133145,0.9192634560906515,1.0
23.33,1,-23.101998038526006,-0.05441553693302826,1.25,1.1490793201133145,0.9192634560906515,1.0
23.44,1,-22.975599313711456,-0.054333264192488455,1.25,1.1490793201133145,0.9192634560906515,1.0
23.55,1,-22.849200588909856,-0.05425131600228011,1.25,1.1490793201133145,0.9192634560906515,1.0
23.65,1,-22.73429265728345,-0.05417709865896559,1.25,1.1490793201133145,0.9192634560906515,1.0
23.76,1,-22.607893932507157,-0.054095768012121376,1.25,1.1490793201133145,0.9192634560906515,1.0
23.87,1,-22.481495207744423,-0.054014759772914804,1.25,1.1490793201133145,0.9192634560906515,1.0
23.98,1,-22.35509648299546,-0.053934073212786135,1.25,1.1490793201133145,0.9192634560906515,1.0
24.08,1,-22.240188551417617,-0.0538610003277633,1.25,1.1490793201133145,0.9192634560906515,1.0
24.19,1,-22.113789826695516,-0.05378092587379875,1.25,1.1490793201133145,0.9192634560906515,1.0
24.3,1,-21.9873911019878,-0.053701171002474464,1.25,1.1490793201133145,0.9192634560906515,1.0
24.4,1,-21.872483170447975,-0.053628943297899544,1.25,1.1490793201133145,0.9192634560906515,1.0
24.51,1,-21.746084445768282,-0.053549796562902374,1.25,1.1490793201133145,0.9192634560906515,1.0
24.62,1,-21.61968572110357,-0.05347096734800838,1.25,1.1490793201133145,0.9192634560906515,1.0
24.73,1,-21.493286996454053,-0.05339245495197201,1.25,1.1490793201133145,0.9192634560906515,1.0
24.83,1,-21.37837906496785,-0.053321354385099,1.25,1.1490793201133145,0.9192634560906515,1.0
24.94,1,-21.25198034034792,-0.053243444892037695,1.25,1.1490793201133145,0.9192634560906515,1.0
25.05,1,-21.125581615743798,-0.053165850200176376,1.25,1.1490793201133145,0.9192634560906515,1.0
25.15,1,-21.010673684299395,-0.053095582168526445,1.25,1.1490793201133145,0.9192634560906515,1.0
25.26,1,-20.88427495972602,-0.05301858655925369,1.25,1.1490793201133145,0.9192634560906515,1.0
25.37,1,-20.757876235169064,-0.052941903766438335,1.25,1.1490793201133145,0.9192634560906515,1.0
25.48,1,-20.631477510628738,-0.05286553311535502,1.25,1.1490793201133145,0.9192634560906515,1.0
25.58,1,-20.516569579243043,-0.052796375552910176,1.25,1.1490793201133145,0.9192634560906515,1.0
25.69,1,-20.39017085473504,-0.052720598948985134,1.25,1.1490793201133145,0.9192634560906515,1.0
25.8,1,-20.263772130244277,-0.05264513254565595,1.25,1.1490793201133145,0.9192634560906515,1.0
25.9,1,-20.14886419890418,-0.05257679535146084,1.25,1.1490793201133145,0.9192634560906515,1.0
26.01,1,-20.02246547444692,-0.05250191932011435,1.25,1.1490793201133145,0.9192634560906515,1.0
26.12,1,-19.896066750007517,-0.05242735158023246,1.25,1.1490793201133145,0.9192634560906515,1.0
26.23,1,-19.769668025586178,-0.05235309148287664,1.25,1.1490793201133145,0.9192634560906515,1.0
26.33,1,-19.654760094309907,-0.05228584872298345,1.25,1.1490793201133145,0.9192634560906515,1.0
26.44,1,-19.52836136992365,-0.052212174154628775,1.25,1.1490793201133145,0.9192634560906515,1.0
26.55,1,-19.401962645556086,-0.05213880536210121,1.25,1.1490793201133145,0.9192634560906515,1.0
26.65,1,-19.287054714329237,-0.05207237126851046,1.25,1.1490793201133145,0.9192634560906515,1.0
26.76,1,-19.160655989997935,-0.05199958447110947,1.25,1.1490793201133145,0.9192634560906515,1.0
26.87,1,-19.034257265685934,-0.0519271016140035,1.25,1.1490793201133145,0.9192634560906515,1.0
26.98,1,-18.907858541393455,-0.05185492207336552,1.25,1.1490793201133145,0.9192634560906515,1.0
27.08,1,-18.7929506102356,-0.051789566995706145,1.25,1.1490793201133145,0.9192634560906515,1.0
27.19,1,-18.666551885980986,-0.051717964794622144,1.25,1.1490793201133145,0.9192634560906515,1.0
27.3,1,-18.540153161746513,-0.05164666411582701,1.25,1.1490793201133145,0.9192634560906515,1.0
27.4,1,-18.42524523064193,-0.05158210645537032,1.25,1.1490793201133145,0.9192634560906515,1.0
27.51,1,-18.298846506446523,-0.051511379719961295,1.25,1.1490793201133145,0.9192634560906515,1.0
27.62,1,-18.17244778227188,-0.05144095274305986,1.25,1.1490793201133145,0.9192634560906515,1.0
27.73,1,-18.04604905811823,-0.051370824925330925,1.25,1.1490793201133145,0.9192634560906515,1.0
27.83,1,-17.931141127087855,-0.051307331463283916,1.25,1.1490793201133145,0.9192634560906515,1.0
27.94,1,-17.804742402974874,-0.05123777311615313,1.25,1.1490793201133145,0.9192634560906515,1.0
28.05,1,-17.678343678883515,-0.05116851220477826,1.25,1.1490793201133145,0.9192634560906515,1.0
28.15,1,-17.56343574791031,-0.051105805352507395,1.25,1.1490793201133145,0.9192634560906515,1.0
28.26,1,-17.43703702386083,-0.05103711064997839,1.25,1.1490793201133145,0.9192634560906515,1.0
28.37,1,-17.31063829983361,-0.050968711689484004,1.25,1.1490793201133145,0.9192634560906515,1.0
28.48,1,-17.184239575828858,-0.05090060789561507,1.25,1.1490793201133145,0.9192634560906515,1.0
28.58,1,-17.069331644935126,-0.05083895101072032,1.25,1.1490793201133145,0.9192634560906515,1.0
28.69,1,-16.94293292097388,-0.05077140913146945,1.25,1.1490793201133145,0.9192634560906515,1.0
28.8,1,-16.816534197035747,-0.050704160764586885,1.25,1.1490793201133145,0.9192634560906515,1.0
28.9,1,-16.70162626620314,-0.05064328011350661,1.25,1.1490793201133145,0.9192634560906515,1.0
29.01,1,-16.57522754230974,-0.050576590530906504,1.25,1.1490793201133145,0.9192634560906515,1.0
29.12,1,-16.448828818440095,-0.0505101928354746,1.25,1.1490793201133145,0.9192634560906515,1.0
29.23,1,-16.322430094594424,-0.05044408647521326,1.25,1.1490793201133145,0.9192634560906515,1.0
29.33,1,-16.207522163846622,-0.05038424213387813,1.25,1.1490793201133145,0.9192634560906515,1.0
29.44,1,-16.08112344004734,-0.05031869043839317,1.25,1.1490793201133145,0.9192634560906515,1.0
29.55,1,-15.954724716272679,-0.050253428491527176,1.25,1.1490793201133145,0.9192634560906515,1.0
29.65,1,-15.83981678559,-0.05019435043023457,1.25,1.1490793201133145,0.9192634560906515,1.0
29.76,1,-15.713418061862969,-0.050129640146509814,1.25,1.1490793201133145,0.9192634560906515,1.0
29.87,1,-15.587019338161214,-0.050065218053333374,1.25,1.1490793201133145,0.9192634560906515,1.0
29.98,1,-15.460620614484963,-0.050001083621654965,1.25,1.1490793201133145,0.9192634560906515,1.0
30.08,1,-15.345712683892502,-0.0499430287740273,1.25,1.1490793201133145,0.9192634560906515,1.0
30.19,1,-15.219313960265556,-0.04987944205724162,1.25,1.1490793201133145,0.9192634560906515,1.0
30.3,1,-15.092915236664767,-0.049816141481798616,1.25,1.1490793201133145,0.9192634560906515,1.0
30.4,1,-14.978007306141485,-0.049758843374260335,1.25,1.1490793201133145,0.9192634560906515,1.0
30.51,1,-14.851608582591263,-0.0496960876383338,1.25,1.1490793201133145,0.9192634560906515,1.0
30.62,1,-14.725209859067862,-0.04963361655155998,1.25,1.1490793201133145,0.9192634560906515,1.0
30.73,1,-14.59881113557151,-0.04957142960742062,1.25,1.1490793201133145,0.9192634560906515,1.0
30.83,1,-14.483903205143946,-0.04951514216836423,1.25,1.1490793201133145,0.9192634560906515,1.0
30.94,1,-14.357504481699866,-0.049453496283650325,1.25,1.1490793201133145,0.9192634560906515,1.0
31.05,1,-14.231105758283503,-0.04939213308664344,1.25,1.1490793201133145,0.9192634560906515,1.0
31.15,1,-14.11619782792924,-0.049336593254051146,1.25,1.1490793201133145,0.9192634560906515,1.0
31.26,1,-13.989799104566433,-0.0492757683651785,1.25,1.1490793201133145,0.9192634560906515,1.0
31.37,1,-13.863400381232019,-0.049215224736594426,1.25,1.1490793201133145,0.9192634560906515,1.0
31.47,1,-13.74849245095284,-0.04916042873545852,1.25,1.1490793201133145,0.9192634560906515,1.0
31.58,1,-13.622093727673274,-0.049100420716063575,1.25,1.1490793201133145,0.9192634560906515,1.0
31.69,1,-13.495695004422778,-0.04904069255687082,1.25,1.1490793201133145,0.9192634560906515,1.0
31.8,1,-13.369296281201589,-0.04898124378288274,1.25,1.1490793201133145,0.9192634560906515,1.0
31.9,1,-13.254388351026133,-0.048927441487537165,1.25,1.1490793201133145,0.9192634560906515,1.0
32.01,1,-13.12798962786154,-0.04886852477788799,1.25,1.1490793201133145,0.9192634560906515,1.0
32.11,1,-13.013081697737931,-0.04881520540333801,1.25,1.1490793201133145,0.9192634560906515,1.0
32.21,1,-12.898173767639285,-0.04876211545105575,1.25,1.1490793201133145,0.9192634560906515,1.0
32.31,1,-12.783265837565784,-0.048709254575613654,1.25,1.1490793201133145,0.9192634560906515,1.0
32.41,1,-12.668357907517606,-0.04865662243375256,1.25,1.1490793201133145,0.9192634560906515,1.0
32.52,1,-12.541959184494074,-0.048598990857959976,1.25,1.1490793201133145,0.9192634560906515,1.0
32.63,1,-12.415560461501645,-0.04854163518614625,1.25,1.1490793201133145,0.9192634560906515,1.0
32.73,1,-12.300652531535713,-0.04848973271023789,1.25,1.1490793201133145,0.9192634560906515,1.0
32.84,1,-12.17425380860332,-0.04843290252333209,1.25,1.1490793201133145,0.9192634560906515,1.0
32.95,1,-12.047855085702729,-0.0483763469464197,1.25,1.1490793201133145,0.9192634560906515,1.0
33.06,1,-11.921456362834178,-0.04832006554084525,1.25,1.1490793201133145,0.9192634560906515,1.0
33.16,1,-11.80654843298169,-0.04826913817742878,1.25,1.1490793201133145,0.9192634560906515,1.0
33.27,1,-11.680149710174996,-0.048213378983134866,1.25,1.1490793201133145,0.9192634560906515,1.0
33.38,1,-11.553750987401058,-0.04815789270192506,1.25,1.1490793201133145,0.9192634560906515,1.0
33.48,1,-11.4388430576352,-0.04810768709463066,1.25,1.1490793201133145,0.9192634560906515,1.0
33.59,1,-11.31244433492448,-0.048052720647859155,1.25,1.1490793201133145,0.9192634560906515,1.0
33.7,1,-11.186045612247236,-0.04799802588237654,1.25,1.1490793201133145,0.9192634560906515,1.0
33.81,1,-11.059646889603714,-0.04794360238084542,1.25,1.1490793201133145,0.9192634560906515,1.0
33.91,1,-10.944738959957258,-0.04789436151608066,1.25,1.1490793201133145,0.9192634560906515,1.0
34.02,1,-10.818340237378807,-0.04784045473445785,1.25,1.1490793201133145,0.9192634560906515,1.0
34.13,1,-10.691941514834806,-0.04778681802038716,1.25,1.1490793201133145,0.9192634560906515,1.0
34.23,1,-10.577033585279455,-0.04773829138634956,1.25,1.1490793201133145,0.9192634560906515,1.0
34.34,1,-10.450634862801925,-0.04768516913321407,1.25,1.1490793201133145,0.9192634560906515,1.0
34.45,1,-10.324236140359583,-0.04763231577746837,1.25,1.1490793201133145,0.9192634560906515,1.0
34.55,1,-10.209328210897294,-0.04758450027950636,1.25,1.1490793201133145,0.9192634560906515,1.0
34.66,1,-10.08292948852283,-0.04753215917573559,1.25,1.1490793201133145,0.9192634560906515,1.0
34.77,1,-9.956530766184295,-0.04748008582535194,1.25,1.1490793201133145,0.9192634560906515,1.0
34.88,1,-9.830132043881953,-0.047428279841133826,1.25,1.1490793201133145,0.9192634560906515,1.0
34.98,1,-9.715224114547805,-0.0473814151805036,1.25,1.1490793201133145,0.9192634560906515,1.0
35.09,1,-9.588825392315266,-0.047330118558486754,1.25,1.1490793201133145,0.9192634560906515,1.0
35.2,1,-9.462426670119662,-0.04727908819368122,1.25,1.1490793201133145,0.9192634560906515,1.0
35.3,1,-9.347518740883208,-0.04723292768682306,1.25,1.1490793201133145,0.9192634560906515,1.0
35.41,1,-9.221120018758857,-0.047182404591970824,1.25,1.1490793201133145,0.9192634560906515,1.0
35.52,1,-9.094721296672208,-0.04713214667139461,1.25,1.1490793201133145,0.9192634560906515,1.0
35.63,1,-8.968322574623528,-0.047082153558836694,1.25,1.1490793201133145,0.9192634560906515,1.0
35.73,1,-8.853414645521534,-0.0470369347611022,1.25,1.1490793201133145,0.9192634560906515,1.0
35.84,1,-8.727015923546073,-0.04698744618517809,1.25,1.1490793201133145,0.9192634560906515,1.0
35.95,1,-8.60061720160936,-0.04693822136923473,1.25,1.1490793201133145,0.9192634560906515,1.0
36.05,1,-8.485709272609828,-0.04689370012101828,1.25,1.1490793201133145,0.9192634560906515,1.0
36.16,1,-8.359310550747825,-0.04684497786567143,1.25,1.1490793201133145,0.9192634560906515,1.0
36.27,1,-8.232911828925348,-0.04679651834820335,1.25,1.1490793201133145,0.9192634560906515,1.0
36.38,1,-8.106513107142668,-0.046748321223252946,1.25,1.1490793201133145,0.9192634560906515,1.0
36.48,1,-7.991605178284085,-0.04670473306300875,1.25,1.1490793201133145,0.9192634560906515,1.0
36.59,1,-7.865206456578142,-0.046657035921288253,1.25,1.1490793201133145,0.9192634560906515,1.0
36.7,1,-7.738807734912795,-0.046609600184808024,1.25,1.1490793201133145,0.9192634560906515,1.0
36.8,1,-7.623899806161574,-0.046566703346666634,1.25,1.1490793201133145,0.9192634560906515,1.0
36.91,1,-7.497501084574493,-0.04651976573334618,1.25,1.1490793201133145,0.9192634560906515,1.0
37.02,1,-7.371102363028814,-0.04647308856389889,1.25,1.1490793201133145,0.9192634560906515,1.0
37.13,1,-7.244703641524815,-0.04642667151383995,1.25,1.1490793201133145,0.9192634560906515,1.0
37.23,1,-7.12979571292122,-0.04638469964851454,1.25,1.1490793201133145,0.9192634560906515,1.0
37.34,1,-7.003396991497575,-0.04633877830005014,1.25,1.1490793201133145,0.9192634560906515,1.0
37.45,1,-6.87699827011643,-0.046293116144437284,1.25,1.1490793201133145,0.9192634560906515,1.0
37.55,1,-6.762090341625238,-0.04625182975027252,1.25,1.1490793201133145,0.9192634560906515,1.0
37.66,1,-6.635691620326025,-0.04620666155217037,1.25,1.1490793201133145,0.9192634560906515,1.0
37.77,1,-6.509292899070144,-0.04616175164632731,1.25,1.1490793201133145,0.9192634560906515,1.0
37.88,1,-6.382894177857883,-0.04611709972916235,1.25,1.1490793201133145,0.9192634560906515,1.0
37.98,1,-6.267986249521199,-0.046076730698737384,1.25,1.1490793201133145,0.9192634560906515,1.0
38.09,1,-6.14158752839302,-0.04603257047352453,1.25,1.1490793201133145,0.9192634560906515,1.0
38.2,1,-6.015188807309309,-0.04598866737131402,1.25,1.1490793201133145,0.9192634560906515,1.0
38.3,1,-5.900280879090224,-0.04594897833807738,1.25,1.1490793201133145,0.9192634560906515,1.0
38.41,1,-5.7738821580922215,-0.04590556530000949,1.25,1.1490793201133145,0.9192634560906515,1.0
38.52,1,-5.6474834371395435,-0.04586240854530754,1.25,1.1490793201133145,0.9192634560906515,1.0
38.63,1,-5.521084716232489,-0.04581950779137085,1.25,1.1490793201133145,0.9192634560906515,1.0
38.73,1,-5.406176788175009,-0.04578072902013577,1.25,1.1490793201133145,0.9192634560906515,1.0
38.84,1,-5.279778067355883,-0.045738316221361076,1.25,1.1490793201133145,0.9192634560906515,1.0
38.95,1,-5.153379346583255,-0.04569615861880135,1.25,1.1490793201133145,0.9192634560906515,1.0
39.05,1,-5.038471418648742,-0.04565805474913351,1.25,1.1490793201133145,0.9192634560906515,1.0
39.16,1,-4.912072697965723,-0.04561638359076509,1.25,1.1490793201133145,0.9192634560906515,1.0
39.27,1,-4.785673977330089,-0.04557496685025841,1.25,1.1490793201133145,0.9192634560906515,1.0
39.38,1,-4.659275256742147,-0.04553380426612027,1.25,1.1490793201133145,0.9192634560906515,1.0
39.48,1,-4.544367328976572,-0.04549660406651821,1.25,1.1490793201133145,0.9192634560906515,1.0
39.59,1,-4.417968608480536,-0.04545592597511774,1.25,1.1490793201133145,0.9192634560906515,1.0
39.7,1,-4.291569888033096,-0.04541550129707401,1.25,1.1490793201133145,0.9192634560906515,1.0
39.8,1,-4.176661960396038,-0.04537897128406337,1.25,1.1490793201133145,0.9192634560906515,1.0
39.91,1,-4.050263240042244,-0.04533902970547581,1.25,1.1490793201133145,0.9192634560906515,1.0
40.02,1,-3.9238645197379625,-0.045299340823653104,1.25,1.1490793201133145,0.9192634560906515,1.0
40.13,1,-3.797465799483513,-0.0452599043983891,1.25,1.1490793201133145,0.9192634560906515,1.0
40.23,1,-3.68255787202298,-0.04522427197702345,1.25,1.1490793201133145,0.9192634560906515,1.0
40.34,1,-3.5561591518645552,-0.045185316858629504,1.25,1.1490793201133145,0.9192634560906515,1.0
40.45,1,-3.429760431756898,-0.045146613515888355,1.25,1.1490793201133145,0.9192634560906515,1.0
40.55,1,-3.3148525044306307,-0.045111646950023836,1.25,1.1490793201133145,0.9192634560906515,1.0
40.66,1,-3.1884537844207994,-0.04507342363970825,1.25,1.1490793201133145,0.9192634560906515,1.0
40.77,1,-3.0620550644626885,-0.045035451450850174,1.25,1.1490793201133145,0.9192634560906515,1.0
40.88,1,-2.935656344556626,-0.044997730164764826,1.25,1.1490793201133145,0.9192634560906515,1.0
40.98,1,-2.8207484174147446,-0.0449636556306494,1.25,1.1490793201133145,0.9192634560906515,1.0
41.09,1,-2.694349697608975,-0.04492641274501973,1.25,1.1490793201133145,0.9192634560906515,1.0
41.2,1,-2.567950977856226,-0.04488942014409135,1.25,1.1490793201133145,0.9192634560906515,1.0
41.3,1,-2.453043050854567,-0.044856007522499124,1.25,1.1490793201133145,0.9192634560906515,1.0
41.41,1,-2.32664433120398,-0.04481949216787737,1.25,1.1490793201133145,0.9192634560906515,1.0
41.52,1,-2.2002456116074014,-0.04478322650695787,1.25,1.1490793201133145,0.9192634560906515,1.0
41.63,1,-2.073846892065175,-0.044747210342868805,1.25,1.1490793201133145,0.9192634560906515,1.0
41.73,1,-1.95893896525606,-0.04471468471802076,1.25,1.1490793201133145,0.9192634560906515,1.0
41.84,1,-1.8325402458185547,-0.044679144331061085,1.25,1.1490793201133145,0.9192634560906515,1.0
41.95,1,-1.7061415264364106,-0.04464385288659254,1.25,1.1490793201133145,0.9192634560906515,1.0
42.05,1,-1.5912335997737053,-0.04461198562466243,1.25,1.1490793201133145,0.9192634560906515,1.0
42.16,1,-1.464834880498225,-0.04457716892525445,1.25,1.1490793201133145,0.9192634560906515,1.0
42.27,1,-1.3384361612791313,-0.044542600641507384,1.25,1.1490793201133145,0.9192634560906515,1.0
42.38,1,-1.212037442116781,-0.04450828059871427,1.25,1.1490793201133145,0.9192634560906515,1.0
42.48,1,-1.0971295156550953,-0.04447729583120481,1.25,1.1490793201133145,0.9192634560906515,1.0
42.59,1,-0.9707307966020715,-0.04444344922971438,1.25,1.1490793201133145,0.9192634560906515,1.0
42.7,1,-0.8443320776068404,-0.04440985037964667,1.25,1.1490793201133145,0.9192634560906515,1.0
42.8,1,-0.7294241512979974,-0.04437952082517114,1.25,1.1490793201133145,0.9192634560906515,1.0
42.91,1,-0.6030254324141138,-0.04434639450854684,1.25,1.1490793201133145,0.9192634560906515,1.0
43.02,1,-0.4766267135890909,-0.04431351548183906,1.25,1.1490793201133145,0.9192634560906515,1.0
43.13,1,-0.3502279948233004,-0.04428088359292141,1.25,1.1490793201133145,0.9192634560906515,1.0
43.23,1,-0.23532006872429595,-0.044251432572518075,1.25,1.1490793201133145,0.9192634560906515,1.0
43.34,1,-0.10892135007262455,-0.044219272081808425,1.25,1.1490793201133145,0.9192634560906515,1.0
43.45,1,0.017477368518721302,-0.044187358305430635,1.25,1.1490793201133145,0.9192634560906515,1.0
43.55,1,0.1323852944581852,-0.044158559755398535,1.25,1.1490793201133145,0.9192634560906515,1.0
43.66,1,0.2587840129333059,-0.04412711659607358,1.25,1.1490793201133145,0.9192634560906515,1.0
43.77,1,0.38518273134698805,-0.0440959197562473,1.25,1.1490793201133145,0.9192634560906515,1.0
43.88,1,0.5115814496988444,-0.04406496910685751,1.25,1.1490793201133145,0.9192634560906515,1.0
43.98,1,0.626489375419281,-0.04403704568341233,1.25,1.1490793201133145,0.9192634560906515,1.0
44.09,1,0.7528880936520221,-0.04400656468797193,1.25,1.1490793201133145,0.9192634560906515,1.0
44.2,1,0.8792868118217974,-0.043976329527048545,1.25,1.1490793201133145,0.9192634560906515,1.0
44.3,1,0.9941947373757098,-0.043949056247257076,1.25,1.1490793201133145,0.9192634560906515,1.0
44.41,1,1.1205934554241728,-0.04391929008871577,1.25,1.1490793201133145,0.9192634560906515,1.0
44.52,1,1.2469921734085079,-0.04388976943808709,1.25,1.1490793201133145,0.9192634560906515,1.0
44.63,1,1.3733908913283108,-0.04386049418992911,1.25,1.1490793201133145,0.9192634560906515,1.0
44.73,1,1.4882988166536084,-0.043834093194688895,1.25,1.1490793201133145,0.9192634560906515,1.0
44.84,1,1.6146975344490822,-0.04380528616209155,1.25,1.1490793201133145,0.9192634560906515,1.0
44.95,1,1.7410962521788327,-0.04377672424526499,1.25,1.1490793201133145,0.9192634560906515,1.0
45.05,1,1.8560041773303149,-0.04375097149293661,1.25,1.1490793201133145,0.9192634560906515,1.0
45.16,1,1.9824028949334396,-0.043722877272991345,1.25,1.1490793201133145,0.9192634560906515,1.0
45.27,1,2.1088016124696267,-0.043695027912218395,1.25,1.1490793201133145,0.9192634560906515,1.0
45.38,1,2.2352003299384537,-0.043667423329429716,1.25,1.1490793201133145,0.9192634560906515,1.0
45.48,1,2.350108254851304,-0.043642540599470245,1.25,1.1490793201133145,0.9192634560906515,1.0
45.59,1,2.4765069721903514,-0.04361540310775327,1.25,1.1490793201133145,0.9192634560906515,1.0
45.7,1,2.6029056894607936,-0.04358851017845167,1.25,1.1490793201133145,0.9192634560906515,1.0
45.8,1,2.717813614192205,-0.04356427422806925,1.25,1.1490793201133145,0.9192634560906515,1.0
45.91,1,2.8442123313304646,-0.0435378480077954,1.25,1.1490793201133145,0.9192634560906515,1.0
46.02,1,2.9706110483988484,-0.04351166616535953,1.25,1.1490793201133145,0.9192634560906515,1.0
46.13,1,3.0970097653969133,-0.043485728644544884,1.25,1.1490793201133145,0.9192634560906515,1.0
46.23,1,3.2119176898792126,-0.04346236105055855,1.25,1.1490793201133145,0.9192634560906515,1.0
46.34,1,3.338316406741792,-0.04343688981932771,1.25,1.1490793201133145,0.9192634560906515,1.0
46.45,1,3.464715123532748,-0.043411662767440275,1.25,1.1490793201133145,0.9192634560906515,1.0
46.55,1,3.5796230478256263,-0.04338894094004314,1.25,1.1490793201133145,0.9192634560906515,1.0
46.66,1,3.7060217644785802,-0.043364179936560936,1.25,1.1490793201133145,0.9192634560906515,1.0
46.77,1,3.8324204810585796,-0.04333966300213807,1.25,1.1490793201133145,0.9192634560906515,1.0
46.88,1,3.958819197565159,-0.043315390106336615,1.25,1.1490793201133145,0.9192634560906515,1.0
46.98,1,4.073727121597945,-0.043293535584034745,1.25,1.1490793201133145,0.9192634560906515,1.0
47.09,1,4.20012583796306,-0.04326972850958872,1.25,1.1490793201133145,0.9192634560906515,1.0
47.2,1,4.326524554253386,-0.04324616540720652,1.25,1.1490793201133145,0.9192634560906515,1.0
47.3,1,4.441432478088384,-0.04322495610342318,1.25,1.1490793201133145,0.9192634560906515,1.0
47.41,1,4.567831194234607,-0.043201858726835816,1.25,1.1490793201133145,0.9192634560906515,1.0
47.52,1,4.694229910304643,-0.04317900528887234,1.25,1.1490793201133145,0.9192634560906515,1.0
47.63,1,4.820628626298007,-0.04315639578577948,1.25,1.1490793201133145,0.9192634560906515,1.0
47.73,1,4.935536549861391,-0.04313605337120632,1.25,1.1490793201133145,0.9192634560906515,1.0
47.84,1,5.061935265707014,-0.04311390956601283,1.25,1.1490793201133145,0.9192634560906515,1.0
47.95,1,5.1883339814745275,-0.04309200970757392,1.25,1.1490793201133145,0.9192634560906515,1.0
48.05,1,5.303241904831339,-0.043072312444704906,1.25,1.1490793201133145,0.9192634560906515,1.0
48.16,1,5.429640620448338,-0.04305087833954351,1.25,1.1490793201133145,0.9192634560906515,1.0
48.27,1,5.556039335985759,-0.04302968822739468,1.25,1.1490793201133145,0.9192634560906515,1.0
48.37,1,5.67094725913211,-0.043010636238620045,1.25,1.1490793201133145,0.9192634560906515,1.0
48.48,1,5.7973459745161815,-0.04298991200129737,1.25,1.1490793201133145,0.9192634560906515,1.0
48.59,1,5.9237446898191735,-0.0429694318381987,1.25,1.1490793201133145,0.9192634560906515,1.0
48.7,1,6.050143405040565,-0.042949195785421855,1.25,1.1490793201133145,0.9192634560906515,1.0
48.8,1,6.165051327897846,-0.042931011238928625,1.25,1.1490793201133145,0.9192634560906515,1.0
48.91,1,6.291450042961982,-0.0429112413305028,1.25,1.1490793201133145,0.9192634560906515,1.0
49.02,1,6.417848757942967,-0.04289171566153946,1.25,1.1490793201133145,0.9192634560906515,1.0
49.12,1,6.5327566805803485,-0.04287417704104814,1.25,1.1490793201133145,0.9192634560906515,1.0
49.23,1,6.659155395401097,-0.042855117797601004,1.25,1.1490793201133145,0.9192634560906515,1.0
49.34,1,6.785554110137115,-0.04283630295917753,1.25,1.1490793201133145,0.9192634560906515,1.0
49.45,1,6.9119528247878534,-0.0428177325912219,1.25,1.1490793201133145,0.9192634560906515,1.0
49.55,1,7.026860747123145,-0.04280106264102614,1.25,1.1490793201133145,0.9192634560906515,1.0
49.66,1,7.1532594616095295,-0.04278295918713307,1.25,1.1490793201133145,0.9192634560906515,1.0
49.77,1,7.279658176009004,-0.042765100419278244,1.25,1.1490793201133145,0.9192634560906515,1.0
49.87,1,7.394566098114451,-0.042749077576266205,1.25,1.1490793201133145,0.9192634560906515,1.0
49.98,1,7.520964812346428,-0.04273168617018385,1.25,1.1490793201133145,0.9192634560906515,1.0
50.09,1,7.647363526489828,-0.042714539703763155,1.25,1.1490793201133145,0.9192634560906515,1.0
50.2,1,7.7737622405440705,-0.042697638273110274,1.25,1.1490793201133145,0.9192634560906515,1.0
50.3,1,7.888670162333702,-0.042682486055163504,1.25,1.1490793201133145,0.9192634560906515,1.0
50.41,1,8.015068876216104,-0.042666052703670306,1.25,1.1490793201133145,0.9192634560906515,1.0
50.52,1,8.141467590007627,-0.04264986469389064,1.25,1.1490793201133145,0.9192634560906515,1.0
50.62,1,8.25637551155692,-0.04263536131731709,1.25,1.1490793201133145,0.9192634560906515,1.0
50.73,1,8.38277422517328,-0.042619642008656415,1.25,1.1490793201133145,0.9192634560906515,1.0
50.84,1,8.509172938697006,-0.04260416838752264,1.25,1.1490793201133145,0.9192634560906515,1.0
50.95,1,8.63557165212748,-0.0425889405821462,1.25,1.1490793201133145,0.9192634560906515,1.0
51.05,1,8.75047957334647,-0.042575310545792874,1.25,1.1490793201133145,0.9192634560906515,1.0
51.16,1,8.876878286597192,-0.04256055239867873,1.25,1.1490793201133145,0.9192634560906515,1.0
51.27,1,9.003276999752842,-0.042546040468027985,1.25,1.1490793201133145,0.9192634560906515,1.0
51.37,1,9.118184920720406,-0.04253306158662723,1.25,1.1490793201133145,0.9192634560906515,1.0
51.48,1,9.244583633692798,-0.04251902011900914,1.25,1.1490793201133145,0.9192634560906515,1.0
51.59,1,9.370982346568256,-0.04250522531044404,1.25,1.1490793201133145,0.9192634560906515,1.0
51.7,1,9.497381059346136,-0.042491677322911404,1.25,1.1490793201133145,0.9192634560906515,1.0
51.8,1,9.61228897996807,-0.0424795752946418,1.25,1.1490793201133145,0.9192634560906515,1.0
51.91,1,9.738687692557832,-0.0424664989791678,1.25,1.1490793201133145,0.9192634560906515,1.0
52.02,1,9.86508640504809,-0.0424536699850638,1.25,1.1490793201133145,0.9192634560906515,1.0
52.12,1,9.979994325406867,-0.04244222203402633,1.25,1.1490793201133145,0.9192634560906515,1.0
52.23,1,10.10639303770529,-0.0424298657090729,1.25,1.1490793201133145,0.9192634560906515,1.0
52.34,1,10.23279174990224,-0.042417757249949825,1.25,1.1490793201133145,0.9192634560906515,1.0
52.45,1,10.359190461997024,-0.04240589685419019,1.25,1.1490793201133145,0.9192634560906515,1.0
52.55,1,10.474098381993947,-0.04239533010846392,1.25,1.1490793201133145,0.9192634560906515,1.0
52.66,1,10.600497093891748,-0.04238394385623349,1.25,1.1490793201133145,0.9192634560906515,1.0
52.77,1,10.726895805685347,-0.042372806272746415,1.25,1.1490793201133145,0.9192634560906515,1.0
52.87,1,10.841803725406683,-0.042362897167789765,1.25,1.1490793201133145,0.9192634560906515,1.0
52.98,1,10.968202436999363,-0.042352234927809936,1.25,1.1490793201133145,0.9192634560906515,1.0
53.09,1,11.094601148485742,-0.042341822008563866,1.25,1.1490793201133145,0.9192634560906515,1.0
53.2,1,11.220999859865094,-0.04233165864514316,1.25,1.1490793201133145,0.9192634560906515,1.0
53.3,1,11.33590777920737,-0.042322635983061366,1.25,1.1490793201133145,0.9192634560906515,1.0
53.41,1,11.462306490380339,-0.042312949717843835,1.25,1.1490793201133145,0.9192634560906515,1.0
53.52,1,11.588705201444114,-0.0423035137248858,1.25,1.1490793201133145,0.9192634560906515,1.0
53.62,1,11.703613120497609,-0.04229515294453985,1.25,1.1490793201133145,0.9192634560906515,1.0
53.73,1,11.830011831350816,-0.0422861954643882,1.25,1.1490793201133145,0.9192634560906515,1.0
53.84,1,11.95641054209261,-0.04227748902230563,1.25,1.1490793201133145,0.9192634560906515,1.0
53.95,1,12.082809252722207,-0.042269033893170604,1.25,1.1490793201133145,0.9192634560906515,1.0
54.05,1,12.197717171378368,-0.042261565729888935,1.25,1.1490793201133145,0.9192634560906515,1.0
54.16,1,12.324115881791592,-0.042253591165206286,1.25,1.1490793201133145,0.9192634560906515,1.0
54.27,1,12.450514592090318,-0.042245868747642815,1.25,1.1490793201133145,0.9192634560906515,1.0
54.37,1,12.565422510443671,-0.0422390674246954,1.25,1.1490793201133145,0.9192634560906515,1.0
54.48,1,12.691821220521572,-0.04223182721386471,1.25,1.1490793201133145,0.9192634560906515,1.0
54.59,1,12.81821993048261,-0.042224840036775645,1.25,1.1490793201133145,0.9192634560906515,1.0
54.7,1,12.94461864032595,-0.04221810621057212,1.25,1.1490793201133145,0.9192634560906515,1.0
54.8,1,13.059526558262524,-0.04221220467247872,1.25,1.1490793201133145,0.9192634560906515,1.0
54.91,1,13.185925267878861,-0.0422059554201047,1.25,1.1490793201133145,0.9192634560906515,1.0
55.02,1,13.312323977375057,-0.04219996047796102,1.25,1.1490793201133145,0.9192634560906515,1.0
55.12,1,13.427231894993893,-0.04219473150115138,1.25,1.1490793201133145,0.9192634560906515,1.0
55.23,1,13.553630604258332,-0.04218922301731932,1.25,1.1490793201133145,0.9192634560906515,1.0
55.34,1,13.680029313400107,-0.04218396985893733,1.25,1.1490793201133145,0.9192634560906515,1.0
55.45,1,13.806428022418334,-0.04217897238817442,1.25,1.1490793201133145,0.9192634560906515,1.0
55.55,1,13.921335939599672,-0.04217465142101227,1.25,1.1490793201133145,0.9192634560906515,1.0
55.66,1,14.047734648379555,-0.042170143111707234,1.25,1.1490793201133145,0.9192634560906515,1.0
55.77,1,14.174133357033272,-0.042165891582820934,1.25,1.1490793201133145,0.9192634560906515,1.0
55.87,1,14.289041273880946,-0.04216224971003439,1.25,1.1490793201133145,0.9192634560906515,1.0
55.98,1,14.415439982291248,-0.042158489485471025,1.25,1.1490793201133145,0.9192634560906515,1.0
56.09,1,14.541838690572696,-0.04215498719381808,1.25,1.1490793201133145,0.9192634560906515,1.0
56.2,1,14.668237398724342,-0.042151743245346054,1.25,1.1490793201133145,0.9192634560906515,1.0
56.3,1,14.7831453151124,-0.042149018734641545,1.25,1.1490793201133145,0.9192634560906515,1.0
56.41,1,14.90954402301359,-0.042146269152651704,1.25,1.1490793201133145,0.9192634560906515,1.0
56.52,1,15.035942730782184,-0.042143779149333316,1.25,1.1490793201133145,0.9192634560906515,1.0
56.62,1,15.150850646819565,-0.04214174113374655,1.25,1.1490793201133145,0.9192634560906515,1.0
56.73,1,15.27724935433229,-0.04213974791620987,1.25,1.1490793201133145,0.9192634560906515,1.0
56.84,1,15.403648061709534,-0.04213801557678862,1.25,1.1490793201133145,0.9192634560906515,1.0
56.95,1,15.530046768950292,-0.0421365445772894,1.25,1.1490793201133145,0.9192634560906515,1.0
57.05,1,15.644954684504413,-0.04213543448266364,1.25,1.1490793201133145,0.9192634560906515,1.0
57.16,1,15.771353391481764,-0.04213446371575559,1.25,1.1490793201133145,0.9192634560906515,1.0
57.27,1,15.897752098319636,-0.04213375567726715,1.25,1.1490793201133145,0.9192634560906515,1.0
57.37,1,16.01266001350487,-0.04213334040812385,1.25,1.1490793201133145,0.9192634560906515,1.0
57.48,1,16.139058720073532,-0.04213313531813037,1.25,1.1490793201133145,0.9192634560906515,1.0
57.59,1,16.265457426499623,-0.04213319441377309,1.25,1.1490793201133145,0.9192634560906515,1.0
57.7,1,16.391856132782067,-0.042133518212235765,1.25,1.1490793201133145,0.9192634560906515,1.0
57.8,1,16.506764047458717,-0.042134042717430195,1.25,1.1490793201133145,0.9192634560906515,1.0
57.91,1,16.633162753463875,-0.04213487332451847,1.25,1.1490793201133145,0.9192634560906515,1.0
58.02,1,16.759561459322168,-0.04213597018747421,1.25,1.1490793201133145,0.9192634560906515,1.0
58.12,1,16.87446937361041,-0.0421371988474455,1.25,1.1490793201133145,0.9192634560906515,1.0
58.23,1,17.000868079185203,-0.04213880555411249,1.25,1.1490793201133145,0.9192634560906515,1.0
58.34,1,17.12726678460981,-0.042140680143753086,1.25,1.1490793201133145,0.9192634560906515,1.0
58.45,1,17.253665489883076,-0.042142823193231864,1.25,1.1490793201133145,0.9192634560906515,1.0
58.55,1,17.36857340363555,-0.04214500487398268,1.25,1.1490793201133145,0.9192634560906515,1.0
58.66,1,17.494972108616633,-0.042147662072749836,1.25,1.1490793201133145,0.9192634560906515,1.0
58.77,1,17.62137081344292,-0.04215058946189385,1.25,1.1490793201133145,0.9192634560906515,1.0
58.87,1,17.736278726786022,-0.04215348570330455,1.25,1.1490793201133145,0.9192634560906515,1.0
58.98,1,17.862677431313426,-0.04215693062132837,1.25,1.1490793201133145,0.9192634560906515,1.0
59.09,1,17.989076135682478,-0.04216064754032186,1.25,1.1490793201133145,0.9192634560906515,1.0
59.2,1,18.11547483989193,-0.042164637101662905,1.25,1.1490793201133145,0.9192634560906515,1.0
59.3,1,18.23038275267004,-0.042168501113920655,1.25,1.1490793201133145,0.9192634560906515,1.0
59.41,1,18.35678145657126,-0.04217301299123785,1.25,1.1490793201133145,0.9192634560906515,1.0
59.52,1,18.483180160309164,-0.042177799433473204,1.25,1.1490793201133145,0.9192634560906515,1.0
59.62,1,18.598088072655337,-0.042182389576065966,1.25,1.1490793201133145,0.9192634560906515,1.0
59.73,1,18.724486776077804,-0.04218770208684284,1.25,1.1490793201133145,0.9192634560906515,1.0
59.84,1,18.850885479333108,-0.04219329117191045,1.25,1.1490793201133145,0.9192634560906515,1.0
59.95,1,18.977284182419904,-0.04219915754259902,1.25,1.1490793201133145,0.9192634560906515,1.0
60.05,1,19.09219209416961,-0.042204731834024616,1.25,1.1490793201133145,0.9192634560906515,1.0
60.16,1,19.21859079693089,-0.04221112958247102,1.25,1.1490793201133145,0.9192634560906515,1.0
60.27,1,19.34498949951965,-0.042217806747518474,1.25,1.1490793201133145,0.9192634560906515,1.0
60.37,1,19.459897410813085,-0.04222412000089847,1.25,1.1490793201133145,0.9192634560906515,1.0
60.48,1,19.586296113068553,-0.04223133270132506,1.25,1.1490793201133145,0.9192634560906515,1.0
60.59,1,19.712694815147348,-0.04223882704374893,1.25,1.1490793201133145,0.9192634560906515,1.0
60.7,1,19.839093517048013,-0.04224660381559015,1.25,1.1490793201133145,0.9192634560906515,1.0
60.8,1,19.95400142771099,-0.04225391936378225,1.25,1.1490793201133145,0.9192634560906515,1.0
60.91,1,20.080400129267478,-0.042262237548153926,1.25,1.1490793201133145,0.9192634560906515,1.0
61.02,1,20.2067988306415,-0.042270840519827754,1.25,1.1490793201133145,0.9192634560906515,1.0
61.12,1,20.32170674082189,-0.04227890923429886,1.25,1.1490793201133145,0.9192634560906515,1.0
61.23,1,20.448105441843317,-0.042288058217432194,1.25,1.1490793201133145,0.9192634560906515,1.0
61.34,1,20.57450414267778,-0.04229749444878457,1.25,1.1490793201133145,0.9192634560906515,1.0
61.45,1,20.700902843323718,-0.04230721879881092,1.25,1.1490793201133145,0.9192634560906515,1.0
61.55,1,20.81581075283688,-0.04231630988035506,1.25,1.1490793201133145,0.9192634560906515,1.0
61.66,1,20.942209453118426,-0.042326586738771765,1.25,1.1490793201133145,0.9192634560906515,1.0
61.77,1,21.068608153206732,-0.042337154321598854,1.25,1.1490793201133145,0.9192634560906515,1.0
61.87,1,21.18351606220884,-0.04234701427179322,1.25,1.1490793201133145,0.9192634560906515,1.0
61.98,1,21.309914761923633,-0.042358139444331186,1.25,1.1490793201133145,0.9192634560906515,1.0
62.09,1,21.436313461440307,-0.04236955805982714,1.25,1.1490793201133145,0.9192634560906515,1.0
62.19,1,21.55122136991847,-0.04238019406865302,1.25,1.1490793201133145,0.9192634560906515,1.0
62.3,1,21.67762006905216,-0.042392175574857735,1.25,1.1490793201133145,0.9192634560906515,1.0
62.41,1,21.804018767982697,-0.04240445335995207,1.25,1.1490793201133145,0.9192634560906515,1.0
62.52,1,21.930417466708295,-0.04241702842676266,1.25,1.1490793201133145,0.9192634560906515,1.0
62.62,1,22.045325374461306,-0.04242871913330879,1.25,1.1490793201133145,0.9192634560906515,1.0
62.73,1,22.171724072790656,-0.042441864575806426,1.25,1.1490793201133145,0.9192634560906515,1.0
62.84,1,22.298122770909774,-0.04245531030135295,1.25,1.1490793201133145,0.9192634560906515,1.0
62.94,1,22.413030678106797,-0.04246779515714528,1.25,1.1490793201133145,0.9192634560906515,1.0
63.05,1,22.539429375819374,-0.042481817110343545,1.25,1.1490793201133145,0.9192634560906515,1.0
63.16,1,22.665828073316227,-0.04249614247709062,1.25,1.1490793201133145,0.9192634560906515,1.0
63.27,1,22.792226770595427,-0.04251077236431606,1.25,1.1490793201133145,0.9192634560906515,1.0
63.37,1,22.907134677022356,-0.042524337459827144,1.25,1.1490793201133145,0.9192634560906515,1.0
63.48,1,23.03353337388055,-0.04253955183673812,1.25,1.1490793201133145,0.9192634560906515,1.0
63.59,1,23.159932070515325,-0.04255507404696272,1.25,1.1490793201133145,0.9192634560906515,1.0
63.69,1,23.274839976351323,-0.04256945326064193,1.25,1.1490793201133145,0.9192634560906515,1.0
63.8,1,23.401238672553863,-0.0425855664199094,1.25,1.1490793201133145,0.9192634560906515,1.0
63.91,1,23.52763736852697,-0.04260199086798047,1.25,1.1490793201133145,0.9192634560906515,1.0
64.01,1,23.6425452737562,-0.04261719333891591,1.25,1.1490793201133145,0.9192634560906515,1.0
64.12,1,23.768943969285406,-0.0426342154737055,1.25,1.1490793201133145,0.9192634560906515,1.0
64.23,1,23.89534266457895,-0.042651552501790285,1.25,1.1490793201133145,0.9192634560906515,1.0
64.34,1,24.021741359634635,-0.0426692056978311,1.25,1.1490793201133145,0.9192634560906515,1.0
64.45,1,24.14814005445024,-0.0426871763551732,1.25,1.1490793201133145,0.9192634560906515,1.0
64.56,1,24.2745387490235,-0.042705465786137264,1.25,1.1490793201133145,0.9192634560906515,1.0
64.67,1,24.400937443352127,-0.0427240753223167,1.25,1.1490793201133145,0.9192634560906515,1.0
64.78,1,24.527336137433803,-0.04274300631488131,1.25,1.1490793201133145,0.9192634560906515,1.0
64.89,1,24.65373483126617,-0.042762260134887424,1.25,1.1490793201133145,0.9192634560906515,1.0
65.0,1,24.78013352484685,-0.04278183817359485,1.25,1.1490793201133145,0.9192634560906515,1.0
65.11,1,24.906532218173425,-0.0428017418427906,1.25,1.1490793201133145,0.9192634560906515,1.0
65.21,1,25.02144012097502,-0.04282011986455296,1.25,1.1490793201133145,0.9192634560906515,1.0
65.32,1,25.147838813809656,-0.042840649188037164,1.25,1.1490793201133145,0.9192634560906515,1.0
65.43,1,25.27423750638296,-0.04286150836885381,1.25,1.1490793201133145,0.9192634560906515,1.0
65.54,1,25.400636198692386,-0.0428826989022755,1.25,1.1490793201133145,0.9192634560906515,1.0
65.65,1,25.527034890735344,-0.04290422230579767,1.25,1.1490793201133145,0.9192634560906515,1.0
65.76,1,25.653433582509205,-0.04292608011950699,1.25,1.1490793201133145,0.9192634560906515,1.0
65.87,1,25.77983227401131,-0.042948273906458015,1.25,1.1490793201133145,0.9192634560906515,1.0
65.98,1,25.90623096523896,-0.042970805253058394,1.25,1.1490793201133145,0.9192634560906515,1.0
66.09,1,26.03262965618942,-0.04299367576946278,1.25,1.1490793201133145,0.9192634560906515,1.0
66.2,1,26.159028346859902,-0.043016887089975725,1.25,1.1490793201133145,0.9192634560906515,1.0
66.31,1,26.285427037247583,-0.043040440873463835,1.25,1.1490793201133145,0.9192634560906515,1.0
66.42,1,26.4118257273496,-0.043064338803777434,1.25,1.1490793201133145,0.9192634560906515,1.0
66.53,1,26.538224417163057,-0.04308858259018194,1.25,1.1490793201133145,0.9192634560906515,1.0
66.64,1,26.664623106685,-0.043113173967799255,1.25,1.1490793201133145,0.9192634560906515,1.0
66.75,1,26.791021795912435,-0.04313811469805966,1.25,1.1490793201133145,0.9192634560906515,1.0
66.86,1,26.917420484842335,-0.043163406569164106,1.25,1.1490793201133145,0.9192634560906515,1.0
66.96,1,27.032328383608725,-0.04318670541537493,1.25,1.1490793201133145,0.9192634560906515,1.0
67.07,1,27.158727071961994,-0.0432126727108318,1.25,1.1490793201133145,0.9192634560906515,1.0
67.18,1,27.285125760008626,-0.04323899650584319,1.25,1.1490793201133145,0.9192634560906515,1.0
67.29,1,27.4115244477454,-0.0432656786979071,1.25,1.1490793201133145,0.9192634560906515,1.0
67.4,1,27.53792313516905,-0.043292721213727,1.25,1.1490793201133145,0.9192634560906515,1.0
67.51,1,27.664321822276246,-0.043320126009743665,1.25,1.1490793201133145,0.9192634560906515,1.0
67.62,1,27.790720509063632,-0.04334789507268002,1.25,1.1490793201133145,0.9192634560906515,1.0
67.73,1,27.91711919552776,-0.04337603042009931,1.25,1.1490793201133145,0.9192634560906515,1.0
67.84,1,28.04351788166517,-0.04340453410097717,1.25,1.1490793201133145,0.9192634560906515,1.0
67.95,1,28.16991656747232,-0.04343340819628773,1.25,1.1490793201133145,0.9192634560906515,1.0
68.06,1,28.29631525294562,-0.04346265481960443,1.25,1.1490793201133145,0.9192634560906515,1.0
68.17,1,28.422713938081422,-0.04349227611771603,1.25,1.1490793201133145,0.9192634560906515,1.0
68.28,1,28.54911262287602,-0.04352227427125795,1.25,1.1490793201133145,0.9192634560906515,1.0
68.39,1,28.67551130732565,-0.04355265149535983,1.25,1.1490793201133145,0.9192634560906515,1.0
68.5,1,28.801909991426477,-0.04358341004030952,1.25,1.1490793201133145,0.9192634560906515,1.0
68.6,1,28.916817885757645,-0.043611705175174056,1.25,1.1490793201133145,0.9192634560906515,1.0
68.71,1,29.043216569181737,-0.04364319807527389,1.25,1.1490793201133145,0.9192634560906515,1.0
68.82,1,29.16961525224553,-0.04367507904883718,1.25,1.1490793201133145,0.9192634560906515,1.0
68.93,1,29.296013934944956,-0.04370735049028992,1.25,1.1490793201133145,0.9192634560906515,1.0
69.04,1,29.422412617275853,-0.043740014832734084,1.25,1.1490793201133145,0.9192634560906515,1.0
69.15,1,29.54881129923401,-0.04377307454872076,1.25,1.1490793201133145,0.9192634560906515,1.0
69.26,1,29.675209980815136,-0.04380653215104375,1.25,1.1490793201133145,0.9192634560906515,1.0
69.37,1,29.801608662014875,-0.043840390193554596,1.25,1.1490793201133145,0.9192634560906515,1.0
69.48,1,29.928007342828785,-0.043874651271999396,1.25,1.1490793201133145,0.9192634560906515,1.0
69.59,1,30.054406023252355,-0.04390931802487836,1.25,1.1490793201133145,0.9192634560906515,1.0
69.7,1,30.18080470328098,-0.04394439313432887,1.25,1.1490793201133145,0.9192634560906515,1.0
69.81,1,30.307203382910004,-0.04397987932703272,1.25,1.1490793201133145,0.9192634560906515,1.0
69.92,1,30.433602062134664,-0.044015779375148424,1.25,1.1490793201133145,0.9192634560906515,1.0
70.03,1,30.560000740950123,-0.04405209609726946,1.25,1.1490793201133145,0.9192634560906515,1.0
70.14,1,30.68639941935147,-0.04408883235940937,1.25,1.1490793201133145,0.9192634560906515,1.0
70.25,1,30.812798097333683,-0.04412599107601451,1.25,1.1490793201133145,0.9192634560906515,1.0
70.35,1,30.927705986040422,-0.04416014081328735,1.25,1.1490793201133145,0.9192634560906515,1.0
70.46,1,31.05410466320823,-0.04419811430677461,1.25,1.1490793201133145,0.9192634560906515,1.0
70.57,1,31.180503339941797,-0.044236519018326446,1.25,1.1490793201133145,0.9192634560906515,1.0
70.68,1,31.306902016235764,-0.04427535806199204,1.25,1.1490793201133145,0.9192634560906515,1.0
70.79,1,31.433300692084636,-0.04431463460566139,1.25,1.1490793201133145,0.9192634560906515,1.0
70.9,1,31.559699367482853,-0.044354351872263206,1.25,1.1490793201133145,0.9192634560906515,1.0
71.01,1,31.68609804242473,-0.04439451314099814,1.25,1.1490793201133145,0.9192634560906515,1.0
71.12,1,31.812496716904477,-0.044435121748608614,1.25,1.1490793201133145,0.9192634560906515,1.0
71.23,1,31.938895390916198,-0.044476181090686635,1.25,1.1490793201133145,0.9192634560906515,1.0
71.34,1,32.06529406445388,-0.044517694623021006,1.25,1.1490793201133145,0.9192634560906515,1.0
71.45,1,32.19169273751141,-0.044559665862985334,1.25,1.1490793201133145,0.9192634560906515,1.0
71.56,1,32.31809141008254,-0.0446020983909684,1.25,1.1490793201133145,0.9192634560906515,1.0
71.67,1,32.444490082160904,-0.04464499585184861,1.25,1.1490793201133145,0.9192634560906515,1.0
71.78,1,32.570888753740014,-0.04468836195651404,1.25,1.1490793201133145,0.9192634560906515,1.0
71.89,1,32.69728742481324,-0.044732200483429886,1.25,1.1490793201133145,0.9192634560906515,1.0
72.0,1,32.823686095373844,-0.044776515280255266,1.25,1.1490793201133145,0.9192634560906515,1.0
72.1,1,32.93859397725105,-0.044817218047204815,1.25,1.1490793201133145,0.9192634560906515,1.0
72.21,1,33.0649926468138,-0.04486245302880967,1.25,1.1490793201133145,0.9192634560906515,1.0
72.32,1,33.19139131584351,-0.04490817588270403,1.25,1.1490793201133145,0.9192634560906515,1.0
72.43,1,33.31778998433291,-0.044954390743540434,1.25,1.1490793201133145,0.9192634560906515,1.0
72.54,1,33.44418865227454,-0.04500110182388386,1.25,1.1490793201133145,0.9192634560906515,1.0
72.65,1,33.57058731966079,-0.045048313416161875,1.25,1.1490793201133145,0.9192634560906515,1.0
72.76,1,33.69698598648391,-0.04509602989467952,1.25,1.1490793201133145,0.9192634560906515,1.0
72.87,1,33.82338465273598,-0.0451442557177014,1.25,1.1490793201133145,0.9192634560906515,1.0
72.98,1,33.949783318408926,-0.04519299542960361,1.25,1.1490793201133145,0.9192634560906515,1.0
73.09,1,34.07618198349448,-0.04524225366309882,1.25,1.1490793201133145,0.9192634560906515,1.0
73.2,1,34.20258064798419,-0.04529203514153728,1.25,1.1490793201133145,0.9192634560906515,1.0
73.31,1,34.32897931186945,-0.045342344681287006,1.25,1.1490793201133145,0.9192634560906515,1.0
73.42,1,34.45537797514145,-0.045393187194196716,1.25,1.1490793201133145,0.9192634560906515,1.0
73.53,1,34.58177663779119,-0.04544456769014491,1.25,1.1490793201133145,0.9192634560906515,1.0
73.64,1,34.70817529980944,-0.04549649127967901,1.25,1.1490793201133145,0.9192634560906515,1.0
73.75,1,34.83457396118683,-0.04554896317674828,1.25,1.1490793201133145,0.9192634560906515,1.0
73.85,1,34.949481834602054,-0.045597145180128425,1.25,1.1490793201133145,0.9192634560906515,1.0
73.96,1,35.07588049472907,-0.045650678711330175,1.25,1.1490793201133145,0.9192634560906515,1.0
74.07,1,35.20227915418662,-0.04570477633265771,1.25,1.1490793201133145,0.9192634560906515,1.0
74.18,1,35.32867781296442,-0.045759443690406444,1.25,1.1490793201133145,0.9192634560906515,1.0
74.29,1,35.455076471051974,-0.045814686549199186,1.25,1.1490793201133145,0.9192634560906515,1.0
74.4,1,35.58147512843854,-0.04587051079536711,1.25,1.1490793201133145,0.9192634560906515,1.0
74.51,1,35.70787378511309,-0.04592692244045841,1.25,1.1490793201133145,0.9192634560906515,1.0
74.62,1,35.83427244106436,-0.045983927624880676,1.25,1.1490793201133145,0.9192634560906515,1.0
74.73,1,35.960671096280805,-0.046041532621683444,1.25,1.1490793201133145,0.9192634560906515,1.0
74.84,1,36.08706975075059,-0.046099743840487505,1.25,1.1490793201133145,0.9192634560906515,1.0
74.95,1,36.21346840446159,-0.046158567831568194,1.25,1.1490793201133145,0.9192634560906515,1.0
75.06,1,36.33986705740142,-0.04621801129010015,1.25,1.1490793201133145,0.9192634560906515,1.0
75.17,1,36.46626570955737,-0.0462780810605715,1.25,1.1490793201133145,0.9192634560906515,1.0
75.28,1,36.59266436091637,-0.04633878414137595,1.25,1.1490793201133145,0.9192634560906515,1.0
75.39,1,36.71906301146507,-0.04640012768959168,1.25,1.1490793201133145,0.9192634560906515,1.0
75.5,1,36.84546166118977,-0.046462119025956566,1.25,1.1490793201133145,0.9192634560906515,1.0
75.6,1,36.96036952384898,-0.04651904321546684,1.25,1.1490793201133145,0.9192634560906515,1.0
75.71,1,37.08676817196118,-0.04658229218231937,1.25,1.1490793201133145,0.9192634560906515,1.0
75.82,1,37.21316681920742,-0.04664621121375898,1.25,1.1490793201133145,0.9192634560906515,1.0
75.93,1,37.33956546557254,-0.04671080832207355,1.25,1.1490793201133145,0.9192634560906515,1.0
76.04,1,37.465964111040975,-0.046776091710839976,1.25,1.1490793201133145,0.9192634560906515,1.0
76.15,1,37.5923627555967,-0.04684206978128769,1.25,1.1490793201133145,0.9192634560906515,1.0
76.26,1,37.718761399223304,-0.04690875113894241,1.25,1.1490793201133145,0.9192634560906515,1.0
76.37,1,37.8451600419039,-0.04697614460056565,1.25,1.1490793201133145,0.9192634560906515,1.0
76.48,1,37.97155868362113,-0.04704425920140654,1.25,1.1490793201133145,0.9192634560906515,1.0
76.59,1,38.09795732435715,-0.047113104202783404,1.25,1.1490793201133145,0.9192634560906515,1.0
76.7,1,38.2243559640936,-0.04718268910001396,1.25,1.1490793201133145,0.9192634560906515,1.0
76.81,1,38.3507546028116,-0.04725302363071423,1.25,1.1490793201133145,0.9192634560906515,1.0
76.92,1,38.477153240491745,-0.047324117783487586,1.25,1.1490793201133145,0.9192634560906515,1.0
77.03,1,38.60355187711402,-0.047395981807026866,1.25,1.1490793201133145,0.9192634560906515,1.0
77.14,1,38.72995051265785,-0.04746862621965424,1.25,1.1490793201133145,0.9192634560906515,1.0
77.25,1,38.856349147102,-0.047542061819325215,1.25,1.1490793201133145,0.9192634560906515,1.0
77.35,1,38.97125699562407,-0.04760951734726679,1.25,1.1490793201133145,0.9192634560906515,1.0
77.46,1,39.097655627907635,-0.04768449443817448,1.25,1.1490793201133145,0.9192634560906515,1.0
77.57,1,39.22405425902608,-0.04776029581835042,1.25,1.1490793201133145,0.9192634560906515,1.0
77.68,1,39.35045288895552,-0.04783693348458672,1.25,1.1490793201133145,0.9192634560906515,1.0
77.79,1,39.47685151767132,-0.04791441977016777,1.25,1.1490793201133145,0.9192634560906515,1.0
77.9,1,39.60325014514805,-0.04799276735827035,1.25,1.1490793201133145,0.9192634560906515,1.0
78.01,1,39.729648771359436,-0.04807198929607274,1.25,1.1490793201133145,0.9192634560906515,1.0
78.12,1,39.85604739627838,-0.048152099009619795,1.25,1.1490793201133145,0.9192634560906515,1.0
78.23,1,39.982446019876846,-0.0482331103194949,1.25,1.1490793201133145,0.9192634560906515,1.0
78.34,1,40.108844642125874,-0.04831503745735389,1.25,1.1490793201133145,0.9192634560906515,1.0
78.45,1,40.23524326299551,-0.048397895083380556,1.25,1.1490793201133145,0.9192634560906515,1.0
78.56,1,40.36164188245476,-0.04848169830472805,1.25,1.1490793201133145,0.9192634560906515,1.0
78.67,1,40.48804050047154,-0.04856646269501659,1.25,1.1490793201133145,0.9192634560906515,1.0
78.78,1,40.614439117012644,-0.04865220431496323,1.25,1.1490793201133145,0.9192634560906515,1.0
78.89,1,40.74083773204366,-0.04873893973422655,1.25,1.1490793201133145,0.9192634560906515,1.0
79.0,1,40.8672363455289,-0.048826686054556444,1.25,1.1490793201133145,0.9192634560906515,1.0
79.1,1,40.9821441745976,-0.048907347512896174,1.25,1.1490793201133145,0.9192634560906515,1.0
79.21,1,41.10854278502802,-0.048997073259950716,1.25,1.1490793201133145,0.9192634560906515,1.0
79.32,1,41.23494139380117,-0.04908786291930806,1.25,1.1490793201133145,0.9192634560906515,1.0
79.43,1,41.361340000875856,-0.04917973592287601,1.25,1.1490793201133145,0.9192634560906515,1.0
79.54,1,41.487738606209255,-0.04927271237081457,1.25,1.1490793201133145,0.9192634560906515,1.0
79.65,1,41.61413720975681,-0.049366813064733235,1.25,1.1490793201133145,0.9192634560906515,1.0
79.76,1,41.740535811472235,-0.04946205954309077,1.25,1.1490793201133145,0.9192634560906515,1.0
79.87,1,41.866934411307284,-0.04955847411898166,1.25,1.1490793201133145,0.9192634560906515,1.0
79.98,1,41.99333300921173,-0.04965607992051263,1.25,1.1490793201133145,0.9192634560906515,1.0
80.09,1,42.11973160513326,-0.049754900933993165,1.25,1.1490793201133145,0.9192634560906515,1.0
80.2,1,42.246130199017266,-0.04985496205018809,1.25,1.1490793201133145,0.9192634560906515,1.0
80.31,1,42.37252879080678,-0.04995628911390649,1.25,1.1490793201133145,0.9192634560906515,1.0
80.42,1,42.49892738044234,-0.050058908977231094,1.25,1.1490793201133145,0.9192634560906515,1.0
80.53,1,42.62532596786173,-0.0501628495567265,1.25,1.1490793201133145,0.9192634560906515,1.0
80.64,1,42.751724552999924,-0.050268139895002416,1.25,1.1490793201133145,0.9192634560906515,1.0
80.75,1,42.87812313578884,-0.05037481022705177,1.25,1.1490793201133145,0.9192634560906515,1.0
80.85,1,42.993030936225665,-0.050473007251642756,1.25,1.1490793201133145,0.9192634560906515,1.0
80.96,1,43.11942951432869,-0.05058240071254982,1.25,1.1490793201133145,0.9192634560906515,1.0
81.07,1,43.245828089865164,-0.050693269595520264,1.25,1.1490793201133145,0.9192634560906515,1.0
81.18,1,43.372226662753064,-0.0508056495398716,1.25,1.1490793201133145,0.9192634560906515,1.0
81.29,1,43.498625232906136,-0.05091957778988598,1.25,1.1490793201133145,0.9192634560906515,1.0
81.4,1,43.625023800233585,-0.05103509330110635,1.25,1.1490793201133145,0.9192634560906515,1.0
81.51,1,43.7514223646398,-0.05115223685611299,1.25,1.1490793201133145,0.9192634560906515,1.0
81.62,1,43.87782092602392,-0.051271051190855024,1.25,1.1490793201133145,0.9192634560906515,1.0
81.73,1,44.0042194842795,-0.051391581132761516,1.25,1.1490793201133145,0.9192634560906515,1.0
81.84,1,44.130618039293985,-0.051513873752030225,1.25,1.1490793201133145,0.9192634560906515,1.0
81.95,1,44.25701659094828,-0.05163797852769584,1.25,1.1490793201133145,0.9192634560906515,1.0
82.06,1,44.3834151391162,-0.05176394753031813,1.25,1.1490793201133145,0.9192634560906515,1.0
82.17,1,44.50981368366383,-0.051891835623412125,1.25,1.1490793201133145,0.9192634560906515,1.0
82.28,1,44.63621222444883,-0.052021700686074826,1.25,1.1490793201133145,0.9192634560906515,1.0
82.39,1,44.762610761319785,-0.05215360385965859,1.25,1.1490793201133145,0.9192634560906515,1.0
82.5,1,44.88900929411525,-0.052287609821812575,1.25,1.1490793201133145,0.9192634560906515,1.0
82.6,1,45.00391704752066,-0.05241131573625573,1.25,1.1490793201133145,0.9192634560906515,1.0
82.71,1,45.13031557204701,-0.05254952989377204,1.25,1.1490793201133145,0.9192634560906515,1.0
82.82,1,45.256714091962195,-0.052690058104194,1.25,1.1490793201133145,0.9192634560906515,1.0
82.93,1,45.38311260705552,-0.05283298215622657,1.25,1.1490793201133145,0.9192634560906515,1.0
83.04,1,45.50951111710033,-0.052978389272068015,1.25,1.1490793201133145,0.9192634560906515,1.0
83.15,1,45.63590962185227,-0.053126372650620333,1.25,1.1490793201133145,0.9192634560906515,1.0
83.26,1,45.76230812104728,-0.05327703208494128,1.25,1.1490793201133145,0.9192634560906515,1.0
83.37,1,45.888706614399304,-0.053430474667022436,1.25,1.1490793201133145,0.9192634560906515,1.0
83.48,1,46.0151051015976,-0.05358681559584136,1.25,1.1490793201133145,0.9192634560906515,1.0
83.59,1,46.14150358230361,-0.053746179108257436,1.25,1.1490793201133145,0.9192634560906515,1.0
83.7,1,46.26790205614742,-0.053908699556939596,1.25,1.1490793201133145,0.9192634560906515,1.0
83.81,1,46.394300522723356,-0.054074522665454726,1.25,1.1490793201133145,0.9192634560906515,1.0
83.92,1,46.520698981585014,-0.05424380699836067,1.25,1.1490793201133145,0.9192634560906515,1.0
84.03,1,46.6470974322392,-0.054416725694268656,1.25,1.1490793201133145,0.9192634560906515,1.0
84.14,1,46.77349587413869,-0.05459346852326446,1.25,1.1490793201133145,0.9192634560906515,1.0
84.25,1,46.89989430667345,-0.05477424434809791,1.25,1.1490793201133145,0.9192634560906515,1.0
84.35,1,47.01480196391414,-0.054942279556750497,1.25,1.1490793201133145,0.9192634560906515,1.0
84.46,1,47.14120037659992,-0.055131417506160886,1.25,1.1490793201133145,0.9192634560906515,1.0
84.57,1,47.26759877767769,-0.055325335250050324,1.25,1.1490793201133145,0.9192634560906515,1.0
84.68,1,47.393997166162045,-0.055524351653795316,1.25,1.1490793201133145,0.9192634560906515,1.0
84.79,1,47.52039554091948,-0.055728827489231844,1.25,1.1490793201133145,0.9192634560906515,1.0
84.9,1,47.646793900634584,-0.05593917412575021,1.25,1.1490793201133145,0.9192634560906515,1.0
85.01,1,47.773192243764896,-0.056155864792645414,1.25,1.1490793201133145,0.9192634560906515,1.0
85.12,1,47.899590568479375,-0.05637944943864155,1.25,1.1490793201133145,0.9192634560906515,1.0
85.23,1,48.02598887256762,-0.05661057474848334,1.25,1.1490793201133145,0.9192634560906515,1.0
85.34,1,48.15238715328464,-0.056850011765859514,1.25,1.1490793201133145,0.9192634560906515,1.0
85.45,1,48.27878540699385,-0.057098695115879824,1.25,1.1490793201133145,0.9192634560906515,1.0
85.56,1,48.40518362800346,-0.057357780635377546,1.25,1.1490793201133145,0.9192634560906515,1.0
85.67,1,48.531581803761284,-0.05762873366432513,1.25,1.1490793201133145,0.9192634560906515,1.0
85.78,1,48.65797989282347,-0.05791347157860848,1.25,1.1490793201133145,0.9192634560906515,1.0
