s,C,C,C,C,C
Time,"TEMP_corner_SW","TEMP_corner_NE","TEMP_center","TEMP_center_low","TEMP_center_high"
 0.0000000E+000, 1.0000000E+002, 1.0000000E+002, 1.0000000E+002, 1.0000000E+002, 1.0000000E+002
 1.3827393E+000, 9.9999983E+001, 9.9999997E+001, 1.0000000E+002, 9.9999984E+001, 1.0000000E+002
 2.3045655E+000, 9.9999944E+001, 9.9999990E+001, 9.9999999E+001, 9.9999946E+001, 9.9999999E+001
 3.2263916E+000, 9.9999914E+001, 9.9999984E+001, 9.9999999E+001, 9.9999918E+001, 9.9999998E+001
 4.1482178E+000, 9.9999886E+001, 9.9999979E+001, 9.9999999E+001, 9.9999892E+001, 9.9999997E+001
 5.0700440E+000, 9.9999859E+001, 9.9999974E+001, 9.9999998E+001, 9.9999867E+001, 9.9999997E+001
 6.4527833E+000, 9.9999828E+001, 9.9999968E+001, 9.9999997E+001, 9.9999838E+001, 9.9999995E+001
 7.3746095E+000, 9.9999799E+001, 9.9999962E+001, 9.9999997E+001, 9.9999811E+001, 9.9999994E+001
 8.2964356E+000, 9.9999777E+001, 9.9999958E+001, 9.9999996E+001, 9.9999790E+001, 9.9999992E+001
 9.2182618E+000, 9.9999756E+001, 9.9999954E+001, 9.9999995E+001, 9.9999771E+001, 9.9999991E+001
 1.0140088E+001, 9.9999737E+001, 9.9999950E+001, 9.9999994E+001, 9.9999753E+001, 9.9999989E+001
 1.1061914E+001, 9.9999718E+001, 9.9999946E+001, 9.9999994E+001, 9.9999736E+001, 9.9999987E+001
 1.2444653E+001, 9.9999696E+001, 9.9999941E+001, 9.9999992E+001, 9.9999716E+001, 9.9999985E+001
 1.3366480E+001, 9.9999676E+001, 9.9999937E+001, 9.9999991E+001, 9.9999697E+001, 9.9999983E+001
 1.4288306E+001, 9.9999660E+001, 9.9999933E+001, 9.9999990E+001, 9.9999683E+001, 9.9999981E+001
 1.5210132E+001, 9.9999646E+001, 9.9999930E+001, 9.9999989E+001, 9.9999670E+001, 9.9999978E+001
 1.6131958E+001, 9.9999632E+001, 9.9999927E+001, 9.9999988E+001, 9.9999657E+001, 9.9999976E+001
 1.7053784E+001, 9.9999619E+001, 9.9999924E+001, 9.9999987E+001, 9.9999646E+001, 9.9999974E+001
 1.8436524E+001, 9.9999604E+001, 9.9999920E+001, 9.9999986E+001, 9.9999632E+001, 9.9999971E+001
 1.9358350E+001, 9.9999591E+001, 9.9999916E+001, 9.9999984E+001, 9.9999619E+001, 9.9999968E+001
 2.0280176E+001, 9.9999580E+001, 9.9999913E+001, 9.9999983E+001, 9.9999610E+001, 9.9999966E+001
 2.1202002E+001, 9.9999571E+001, 9.9999910E+001, 9.9999982E+001, 9.9999601E+001, 9.9999963E+001
 2.2123828E+001, 9.9999562E+001, 9.9999907E+001, 9.9999981E+001, 9.9999593E+001, 9.9999960E+001
 2.3045655E+001, 9.9999553E+001, 9.9999905E+001, 9.9999980E+001, 9.9999585E+001, 9.9999958E+001
 2.4428394E+001, 9.9999544E+001, 9.9999901E+001, 9.9999978E+001, 9.9999576E+001, 9.9999954E+001
 2.5350220E+001, 9.9999535E+001, 9.9999898E+001, 9.9999977E+001, 9.9999568E+001, 9.9999951E+001
 2.6272046E+001, 9.9999529E+001, 9.9999895E+001, 9.9999975E+001, 9.9999561E+001, 9.9999948E+001
 2.7193872E+001, 9.9999523E+001, 9.9999893E+001, 9.9999974E+001, 9.9999556E+001, 9.9999945E+001
 2.8115699E+001, 9.9999517E+001, 9.9999890E+001, 9.9999973E+001, 9.9999550E+001, 9.9999942E+001
 2.9037525E+001, 9.9999512E+001, 9.9999888E+001, 9.9999972E+001, 9.9999546E+001, 9.9999940E+001
 3.0420264E+001, 9.9999507E+001, 9.9999885E+001, 9.9999970E+001, 9.9999540E+001, 9.9999936E+001
 3.1342090E+001, 9.9999502E+001, 9.9999881E+001, 9.9999968E+001, 9.9999535E+001, 9.9999932E+001
 3.2263916E+001, 9.9999498E+001, 9.9999879E+001, 9.9999967E+001, 9.9999531E+001, 9.9999929E+001
 3.3185743E+001, 9.9999495E+001, 9.9999877E+001, 9.9999966E+001, 9.9999528E+001, 9.9999926E+001
 3.4107569E+001, 9.9999493E+001, 9.9999874E+001, 9.9999964E+001, 9.9999525E+001, 9.9999923E+001
 3.5029395E+001, 9.9999490E+001, 9.9999872E+001, 9.9999963E+001, 9.9999522E+001, 9.9999920E+001
 3.6412134E+001, 9.9999488E+001, 9.9999869E+001, 9.9999962E+001, 9.9999519E+001, 9.9999916E+001
 3.7333960E+001, 9.9999486E+001, 9.9999866E+001, 9.9999960E+001, 9.9999517E+001, 9.9999913E+001
 3.8255787E+001, 9.9999485E+001, 9.9999863E+001, 9.9999959E+001, 9.9999515E+001, 9.9999910E+001
 3.9177613E+001, 9.9999484E+001, 9.9999861E+001, 9.9999958E+001, 9.9999513E+001, 9.9999907E+001
 4.0099439E+001, 9.9999483E+001, 9.9999858E+001, 9.9999957E+001, 9.9999512E+001, 9.9999904E+001
 4.1021265E+001, 9.9999482E+001, 9.9999856E+001, 9.9999956E+001, 9.9999511E+001, 9.9999901E+001
 4.2404004E+001, 9.9999482E+001, 9.9999853E+001, 9.9999955E+001, 9.9999509E+001, 9.9999897E+001
 4.3325831E+001, 9.9999482E+001, 9.9999850E+001, 9.9999953E+001, 9.9999509E+001, 9.9999893E+001
 4.4247657E+001, 9.9999483E+001, 9.9999848E+001, 9.9999952E+001, 9.9999508E+001, 9.9999890E+001
 4.5169483E+001, 9.9999483E+001, 9.9999846E+001, 9.9999951E+001, 9.9999508E+001, 9.9999887E+001
 4.6091309E+001, 9.9999484E+001, 9.9999843E+001, 9.9999950E+001, 9.9999508E+001, 9.9999884E+001
 4.7013135E+001, 9.9999485E+001, 9.9999841E+001, 9.9999950E+001, 9.9999508E+001, 9.9999881E+001
 4.8395875E+001, 9.9999487E+001, 9.9999838E+001, 9.9999948E+001, 9.9999508E+001, 9.9999878E+001
 4.9317701E+001, 9.9999488E+001, 9.9999836E+001, 9.9999947E+001, 9.9999508E+001, 9.9999874E+001
 5.0239527E+001, 9.9999490E+001, 9.9999833E+001, 9.9999946E+001, 9.9999509E+001, 9.9999871E+001
 5.1161353E+001, 9.9999492E+001, 9.9999831E+001, 9.9999945E+001, 9.9999509E+001, 9.9999868E+001
 5.2083179E+001, 9.9999494E+001, 9.9999829E+001, 9.9999945E+001, 9.9999510E+001, 9.9999865E+001
 5.3005005E+001, 9.9999496E+001, 9.9999827E+001, 9.9999944E+001, 9.9999511E+001, 9.9999863E+001
 5.4387745E+001, 9.9999499E+001, 9.9999824E+001, 9.9999943E+001, 9.9999512E+001, 9.9999859E+001
 5.5309571E+001, 9.9999501E+001, 9.9999822E+001, 9.9999941E+001, 9.9999513E+001, 9.9999856E+001
 5.6231397E+001, 9.9999504E+001, 9.9999820E+001, 9.9999941E+001, 9.9999514E+001, 9.9999853E+001
 5.7153223E+001, 9.9999507E+001, 9.9999818E+001, 9.9999940E+001, 9.9999516E+001, 9.9999850E+001
 5.8075049E+001, 9.9999509E+001, 9.9999816E+001, 9.9999939E+001, 9.9999517E+001, 9.9999848E+001
 5.9457789E+001, 9.9999513E+001, 9.9999813E+001, 9.9999938E+001, 9.9999519E+001, 9.9999845E+001
 6.0379615E+001, 9.9999516E+001, 9.9999811E+001, 9.9999937E+001, 9.9999521E+001, 9.9999841E+001
 6.1301441E+001, 9.9999519E+001, 9.9999809E+001, 9.9999936E+001, 9.9999522E+001, 9.9999839E+001
 6.2223267E+001, 9.9999523E+001, 9.9999807E+001, 9.9999935E+001, 9.9999524E+001, 9.9999836E+001
 6.3145094E+001, 9.9999526E+001, 9.9999805E+001, 9.9999934E+001, 9.9999526E+001, 9.9999834E+001
 6.4066920E+001, 9.9999529E+001, 9.9999803E+001, 9.9999933E+001, 9.9999527E+001, 9.9999832E+001
 6.5449659E+001, 9.9999533E+001, 9.9999800E+001, 9.9999932E+001, 9.9999530E+001, 9.9999829E+001
 6.6371485E+001, 9.9999537E+001, 9.9999798E+001, 9.9999931E+001, 9.9999532E+001, 9.9999826E+001
 6.7293311E+001, 9.9999541E+001, 9.9999796E+001, 9.9999931E+001, 9.9999534E+001, 9.9999823E+001
 6.8215138E+001, 9.9999544E+001, 9.9999794E+001, 9.9999930E+001, 9.9999536E+001, 9.9999821E+001
 6.9136964E+001, 9.9999548E+001, 9.9999792E+001, 9.9999929E+001, 9.9999538E+001, 9.9999819E+001
 7.0058790E+001, 9.9999552E+001, 9.9999790E+001, 9.9999928E+001, 9.9999540E+001, 9.9999817E+001
 7.1441529E+001, 9.9999556E+001, 9.9999788E+001, 9.9999927E+001, 9.9999542E+001, 9.9999814E+001
 7.2363355E+001, 9.9999561E+001, 9.9999785E+001, 9.9999926E+001, 9.9999545E+001, 9.9999811E+001
 7.3285182E+001, 9.9999565E+001, 9.9999784E+001, 9.9999925E+001, 9.9999547E+001, 9.9999809E+001
 7.4207008E+001, 9.9999569E+001, 9.9999782E+001, 9.9999925E+001, 9.9999549E+001, 9.9999807E+001
 7.5128834E+001, 9.9999572E+001, 9.9999780E+001, 9.9999924E+001, 9.9999551E+001, 9.9999805E+001
 7.6050660E+001, 9.9999576E+001, 9.9999778E+001, 9.9999923E+001, 9.9999553E+001, 9.9999803E+001
 7.7433399E+001, 9.9999581E+001, 9.9999776E+001, 9.9999922E+001, 9.9999556E+001, 9.9999801E+001
 7.8355226E+001, 9.9999586E+001, 9.9999774E+001, 9.9999921E+001, 9.9999559E+001, 9.9999798E+001
 7.9277052E+001, 9.9999590E+001, 9.9999772E+001, 9.9999920E+001, 9.9999561E+001, 9.9999796E+001
 8.0198878E+001, 9.9999594E+001, 9.9999770E+001, 9.9999920E+001, 9.9999563E+001, 9.9999795E+001
 8.1120704E+001, 9.9999598E+001, 9.9999769E+001, 9.9999919E+001, 9.9999566E+001, 9.9999793E+001
 8.2042530E+001, 9.9999602E+001, 9.9999767E+001, 9.9999918E+001, 9.9999568E+001, 9.9999791E+001
 8.3425270E+001, 9.9999607E+001, 9.9999765E+001, 9.9999917E+001, 9.9999571E+001, 9.9999789E+001
 8.4347096E+001, 9.9999612E+001, 9.9999763E+001, 9.9999916E+001, 9.9999573E+001, 9.9999787E+001
 8.5268922E+001, 9.9999616E+001, 9.9999762E+001, 9.9999916E+001, 9.9999576E+001, 9.9999785E+001
 8.6190748E+001, 9.9999620E+001, 9.9999760E+001, 9.9999915E+001, 9.9999578E+001, 9.9999784E+001
 8.7112574E+001, 9.9999624E+001, 9.9999759E+001, 9.9999914E+001, 9.9999580E+001, 9.9999782E+001
 8.8034400E+001, 9.9999628E+001, 9.9999757E+001, 9.9999914E+001, 9.9999583E+001, 9.9999780E+001
 8.9417140E+001, 9.9999634E+001, 9.9999755E+001, 9.9999913E+001, 9.9999585E+001, 9.9999779E+001
 9.0338966E+001, 9.9999639E+001, 9.9999754E+001, 9.9999912E+001, 9.9999588E+001, 9.9999777E+001
 9.1260792E+001, 9.9999643E+001, 9.9999752E+001, 9.9999911E+001, 9.9999591E+001, 9.9999775E+001
 9.2182618E+001, 9.9999647E+001, 9.9999751E+001, 9.9999911E+001, 9.9999593E+001, 9.9999774E+001
 9.3104444E+001, 9.9999651E+001, 9.9999750E+001, 9.9999910E+001, 9.9999595E+001, 9.9999773E+001
 9.4026271E+001, 9.9999655E+001, 9.9999748E+001, 9.9999909E+001, 9.9999597E+001, 9.9999771E+001
 9.5409010E+001, 9.9999660E+001, 9.9999747E+001, 9.9999909E+001, 9.9999600E+001, 9.9999770E+001
 9.6330836E+001, 9.9999665E+001, 9.9999745E+001, 9.9999908E+001, 9.9999603E+001, 9.9999768E+001
 9.7252662E+001, 9.9999669E+001, 9.9999744E+001, 9.9999907E+001, 9.9999605E+001, 9.9999767E+001
 9.8174488E+001, 9.9999673E+001, 9.9999743E+001, 9.9999907E+001, 9.9999608E+001, 9.9999766E+001
 9.9096315E+001, 9.9999677E+001, 9.9999741E+001, 9.9999906E+001, 9.9999610E+001, 9.9999765E+001
 1.0001814E+002, 9.9999681E+001, 9.9999740E+001, 9.9999905E+001, 9.9999612E+001, 9.9999763E+001
 1.0140088E+002, 9.9999686E+001, 9.9999739E+001, 9.9999905E+001, 9.9999615E+001, 9.9999762E+001
 1.0232271E+002, 9.9999691E+001, 9.9999737E+001, 9.9999904E+001, 9.9999618E+001, 9.9999761E+001
 1.0324453E+002, 9.9999695E+001, 9.9999736E+001, 9.9999903E+001, 9.9999620E+001, 9.9999760E+001
 1.0416636E+002, 9.9999699E+001, 9.9999735E+001, 9.9999903E+001, 9.9999622E+001, 9.9999759E+001
 1.0508818E+002, 9.9999703E+001, 9.9999734E+001, 9.9999902E+001, 9.9999624E+001, 9.9999758E+001
 1.0601001E+002, 9.9999707E+001, 9.9999733E+001, 9.9999902E+001, 9.9999627E+001, 9.9999757E+001
 1.0739275E+002, 9.9999712E+001, 9.9999731E+001, 9.9999901E+001, 9.9999629E+001, 9.9999756E+001
 1.0831458E+002, 9.9999717E+001, 9.9999730E+001, 9.9999900E+001, 9.9999632E+001, 9.9999755E+001
 1.0923640E+002, 9.9999721E+001, 9.9999729E+001, 9.9999900E+001, 9.9999634E+001, 9.9999754E+001
 1.1015823E+002, 9.9999725E+001, 9.9999728E+001, 9.9999899E+001, 9.9999636E+001, 9.9999753E+001
 1.1108005E+002, 9.9999729E+001, 9.9999727E+001, 9.9999899E+001, 9.9999639E+001, 9.9999752E+001
 1.1200188E+002, 9.9999733E+001, 9.9999726E+001, 9.9999898E+001, 9.9999641E+001, 9.9999751E+001
 1.1338462E+002, 9.9999737E+001, 9.9999725E+001, 9.9999898E+001, 9.9999643E+001, 9.9999751E+001
 1.1430645E+002, 9.9999742E+001, 9.9999723E+001, 9.9999897E+001, 9.9999646E+001, 9.9999750E+001
 1.1522827E+002, 9.9999746E+001, 9.9999722E+001, 9.9999897E+001, 9.9999648E+001, 9.9999749E+001
 1.1615010E+002, 9.9999750E+001, 9.9999722E+001, 9.9999896E+001, 9.9999650E+001, 9.9999748E+001
 1.1707193E+002, 9.9999753E+001, 9.9999721E+001, 9.9999896E+001, 9.9999652E+001, 9.9999748E+001
 1.1845466E+002, 9.9999758E+001, 9.9999719E+001, 9.9999895E+001, 9.9999655E+001, 9.9999747E+001
 1.1937649E+002, 9.9999763E+001, 9.9999718E+001, 9.9999895E+001, 9.9999658E+001, 9.9999746E+001
 1.2029832E+002, 9.9999766E+001, 9.9999717E+001, 9.9999895E+001, 9.9999660E+001, 9.9999746E+001
 1.2122014E+002, 9.9999770E+001, 9.9999717E+001, 9.9999894E+001, 9.9999662E+001, 9.9999745E+001
 1.2214197E+002, 9.9999773E+001, 9.9999716E+001, 9.9999894E+001, 9.9999664E+001, 9.9999745E+001
 1.2306380E+002, 9.9999777E+001, 9.9999715E+001, 9.9999893E+001, 9.9999666E+001, 9.9999744E+001
 1.2444653E+002, 9.9999781E+001, 9.9999714E+001, 9.9999893E+001, 9.9999668E+001, 9.9999744E+001
 1.2536836E+002, 9.9999786E+001, 9.9999713E+001, 9.9999893E+001, 9.9999671E+001, 9.9999743E+001
 1.2629019E+002, 9.9999789E+001, 9.9999712E+001, 9.9999892E+001, 9.9999673E+001, 9.9999743E+001
 1.2721201E+002, 9.9999792E+001, 9.9999711E+001, 9.9999892E+001, 9.9999675E+001, 9.9999743E+001
 1.2813384E+002, 9.9999796E+001, 9.9999711E+001, 9.9999892E+001, 9.9999677E+001, 9.9999742E+001
 1.2905567E+002, 9.9999799E+001, 9.9999710E+001, 9.9999891E+001, 9.9999679E+001, 9.9999742E+001
 1.3043840E+002, 9.9999803E+001, 9.9999709E+001, 9.9999891E+001, 9.9999681E+001, 9.9999741E+001
 1.3136023E+002, 9.9999808E+001, 9.9999708E+001, 9.9999891E+001, 9.9999683E+001, 9.9999741E+001
 1.3228206E+002, 9.9999811E+001, 9.9999708E+001, 9.9999891E+001, 9.9999685E+001, 9.9999741E+001
 1.3320388E+002, 9.9999814E+001, 9.9999707E+001, 9.9999890E+001, 9.9999687E+001, 9.9999741E+001
 1.3412571E+002, 9.9999817E+001, 9.9999706E+001, 9.9999890E+001, 9.9999689E+001, 9.9999740E+001
 1.3504754E+002, 9.9999820E+001, 9.9999706E+001, 9.9999890E+001, 9.9999691E+001, 9.9999740E+001
 1.3643028E+002, 9.9999824E+001, 9.9999705E+001, 9.9999890E+001, 9.9999693E+001, 9.9999740E+001
 1.3735210E+002, 9.9999828E+001, 9.9999704E+001, 9.9999890E+001, 9.9999696E+001, 9.9999740E+001
 1.3827393E+002, 9.9999831E+001, 9.9999704E+001, 9.9999890E+001, 9.9999698E+001, 9.9999740E+001
 1.3919575E+002, 9.9999834E+001, 9.9999703E+001, 9.9999889E+001, 9.9999699E+001, 9.9999740E+001
 1.4011758E+002, 9.9999837E+001, 9.9999703E+001, 9.9999889E+001, 9.9999701E+001, 9.9999740E+001
 1.4103941E+002, 9.9999840E+001, 9.9999702E+001, 9.9999889E+001, 9.9999703E+001, 9.9999740E+001
 1.4242215E+002, 9.9999844E+001, 9.9999701E+001, 9.9999889E+001, 9.9999705E+001, 9.9999739E+001
 1.4334397E+002, 9.9999848E+001, 9.9999701E+001, 9.9999889E+001, 9.9999707E+001, 9.9999739E+001
 1.4426580E+002, 9.9999851E+001, 9.9999700E+001, 9.9999889E+001, 9.9999709E+001, 9.9999739E+001
 1.4518762E+002, 9.9999854E+001, 9.9999700E+001, 9.9999889E+001, 9.9999711E+001, 9.9999739E+001
 1.4610945E+002, 9.9999856E+001, 9.9999699E+001, 9.9999889E+001, 9.9999713E+001, 9.9999739E+001
 1.4703128E+002, 9.9999859E+001, 9.9999699E+001, 9.9999889E+001, 9.9999714E+001, 9.9999740E+001
 1.4841402E+002, 9.9999863E+001, 9.9999699E+001, 9.9999889E+001, 9.9999716E+001, 9.9999740E+001
 1.4933584E+002, 9.9999866E+001, 9.9999698E+001, 9.9999889E+001, 9.9999719E+001, 9.9999740E+001
 1.5025767E+002, 9.9999869E+001, 9.9999698E+001, 9.9999889E+001, 9.9999720E+001, 9.9999740E+001
 1.5117949E+002, 9.9999871E+001, 9.9999697E+001, 9.9999889E+001, 9.9999722E+001, 9.9999740E+001
 1.5210132E+002, 9.9999874E+001, 9.9999697E+001, 9.9999889E+001, 9.9999724E+001, 9.9999740E+001
 1.5302315E+002, 9.9999877E+001, 9.9999697E+001, 9.9999889E+001, 9.9999725E+001, 9.9999740E+001
 1.5440589E+002, 9.9999880E+001, 9.9999696E+001, 9.9999889E+001, 9.9999727E+001, 9.9999740E+001
 1.5532771E+002, 9.9999883E+001, 9.9999696E+001, 9.9999889E+001, 9.9999729E+001, 9.9999741E+001
 1.5624954E+002, 9.9999886E+001, 9.9999696E+001, 9.9999889E+001, 9.9999731E+001, 9.9999741E+001
 1.5717136E+002, 9.9999888E+001, 9.9999696E+001, 9.9999890E+001, 9.9999732E+001, 9.9999741E+001
 1.5809319E+002, 9.9999891E+001, 9.9999695E+001, 9.9999890E+001, 9.9999734E+001, 9.9999741E+001
 1.5901502E+002, 9.9999893E+001, 9.9999695E+001, 9.9999890E+001, 9.9999735E+001, 9.9999742E+001
 1.6039776E+002, 9.9999896E+001, 9.9999695E+001, 9.9999890E+001, 9.9999737E+001, 9.9999742E+001
 1.6131958E+002, 9.9999899E+001, 9.9999695E+001, 9.9999890E+001, 9.9999739E+001, 9.9999742E+001
 1.6224141E+002, 9.9999901E+001, 9.9999695E+001, 9.9999890E+001, 9.9999741E+001, 9.9999743E+001
 1.6316323E+002, 9.9999904E+001, 9.9999695E+001, 9.9999890E+001, 9.9999742E+001, 9.9999743E+001
 1.6408506E+002, 9.9999906E+001, 9.9999694E+001, 9.9999891E+001, 9.9999744E+001, 9.9999743E+001
 1.6500689E+002, 9.9999908E+001, 9.9999694E+001, 9.9999891E+001, 9.9999745E+001, 9.9999743E+001
 1.6638963E+002, 9.9999911E+001, 9.9999694E+001, 9.9999891E+001, 9.9999747E+001, 9.9999744E+001
 1.6731145E+002, 9.9999914E+001, 9.9999694E+001, 9.9999891E+001, 9.9999749E+001, 9.9999744E+001
 1.6823328E+002, 9.9999916E+001, 9.9999694E+001, 9.9999892E+001, 9.9999750E+001, 9.9999745E+001
 1.6915510E+002, 9.9999918E+001, 9.9999694E+001, 9.9999892E+001, 9.9999752E+001, 9.9999745E+001
 1.7007693E+002, 9.9999920E+001, 9.9999694E+001, 9.9999892E+001, 9.9999753E+001, 9.9999745E+001
 1.7145967E+002, 9.9999923E+001, 9.9999694E+001, 9.9999893E+001, 9.9999755E+001, 9.9999746E+001
 1.7238150E+002, 9.9999925E+001, 9.9999694E+001, 9.9999893E+001, 9.9999757E+001, 9.9999746E+001
 1.7330332E+002, 9.9999927E+001, 9.9999694E+001, 9.9999893E+001, 9.9999758E+001, 9.9999747E+001
 1.7422515E+002, 9.9999929E+001, 9.9999694E+001, 9.9999894E+001, 9.9999759E+001, 9.9999747E+001
 1.7514697E+002, 9.9999931E+001, 9.9999694E+001, 9.9999894E+001, 9.9999761E+001, 9.9999748E+001
 1.7606880E+002, 9.9999933E+001, 9.9999694E+001, 9.9999894E+001, 9.9999762E+001, 9.9999748E+001
 1.7745154E+002, 9.9999936E+001, 9.9999694E+001, 9.9999895E+001, 9.9999764E+001, 9.9999749E+001
 1.7837337E+002, 9.9999938E+001, 9.9999695E+001, 9.9999895E+001, 9.9999766E+001, 9.9999749E+001
 1.7929519E+002, 9.9999940E+001, 9.9999695E+001, 9.9999896E+001, 9.9999767E+001, 9.9999750E+001
 1.8021702E+002, 9.9999942E+001, 9.9999695E+001, 9.9999896E+001, 9.9999768E+001, 9.9999750E+001
 1.8113884E+002, 9.9999943E+001, 9.9999695E+001, 9.9999896E+001, 9.9999770E+001, 9.9999751E+001
 1.8206067E+002, 9.9999945E+001, 9.9999695E+001, 9.9999897E+001, 9.9999771E+001, 9.9999751E+001
 1.8344341E+002, 9.9999947E+001, 9.9999695E+001, 9.9999897E+001, 9.9999772E+001, 9.9999752E+001
 1.8436524E+002, 9.9999950E+001, 9.9999696E+001, 9.9999898E+001, 9.9999774E+001, 9.9999753E+001
 1.8528706E+002, 9.9999951E+001, 9.9999696E+001, 9.9999898E+001, 9.9999775E+001, 9.9999753E+001
 1.8620889E+002, 9.9999953E+001, 9.9999696E+001, 9.9999899E+001, 9.9999777E+001, 9.9999754E+001
 1.8713072E+002, 9.9999955E+001, 9.9999696E+001, 9.9999899E+001, 9.9999778E+001, 9.9999754E+001
 1.8805254E+002, 9.9999956E+001, 9.9999697E+001, 9.9999900E+001, 9.9999779E+001, 9.9999755E+001
 1.8943528E+002, 9.9999958E+001, 9.9999697E+001, 9.9999901E+001, 9.9999781E+001, 9.9999756E+001
 1.9035711E+002, 9.9999960E+001, 9.9999697E+001, 9.9999901E+001, 9.9999782E+001, 9.9999756E+001
 1.9127893E+002, 9.9999962E+001, 9.9999698E+001, 9.9999902E+001, 9.9999783E+001, 9.9999757E+001
 1.9220076E+002, 9.9999963E+001, 9.9999698E+001, 9.9999902E+001, 9.9999785E+001, 9.9999757E+001
 1.9312259E+002, 9.9999965E+001, 9.9999698E+001, 9.9999903E+001, 9.9999786E+001, 9.9999758E+001
 1.9404441E+002, 9.9999966E+001, 9.9999699E+001, 9.9999903E+001, 9.9999787E+001, 9.9999759E+001
 1.9542715E+002, 9.9999968E+001, 9.9999699E+001, 9.9999904E+001, 9.9999788E+001, 9.9999759E+001
 1.9634898E+002, 9.9999969E+001, 9.9999700E+001, 9.9999905E+001, 9.9999790E+001, 9.9999760E+001
 1.9727080E+002, 9.9999971E+001, 9.9999700E+001, 9.9999905E+001, 9.9999791E+001, 9.9999761E+001
 1.9819263E+002, 9.9999972E+001, 9.9999700E+001, 9.9999906E+001, 9.9999792E+001, 9.9999762E+001
 1.9911446E+002, 9.9999974E+001, 9.9999701E+001, 9.9999906E+001, 9.9999793E+001, 9.9999762E+001
 2.0003628E+002, 9.9999975E+001, 9.9999701E+001, 9.9999907E+001, 9.9999795E+001, 9.9999763E+001
 2.0141902E+002, 9.9999976E+001, 9.9999702E+001, 9.9999908E+001, 9.9999796E+001, 9.9999764E+001
 2.0234085E+002, 9.9999978E+001, 9.9999702E+001, 9.9999908E+001, 9.9999797E+001, 9.9999764E+001
 2.0326267E+002, 9.9999979E+001, 9.9999703E+001, 9.9999909E+001, 9.9999799E+001, 9.9999765E+001
 2.0418450E+002, 9.9999980E+001, 9.9999703E+001, 9.9999910E+001, 9.9999800E+001, 9.9999766E+001
 2.0510633E+002, 9.9999981E+001, 9.9999704E+001, 9.9999910E+001, 9.9999801E+001, 9.9999766E+001
 2.0602815E+002, 9.9999983E+001, 9.9999704E+001, 9.9999911E+001, 9.9999802E+001, 9.9999767E+001
 2.0741089E+002, 9.9999984E+001, 9.9999705E+001, 9.9999912E+001, 9.9999803E+001, 9.9999768E+001
 2.0833272E+002, 9.9999985E+001, 9.9999705E+001, 9.9999912E+001, 9.9999805E+001, 9.9999769E+001
 2.0925454E+002, 9.9999986E+001, 9.9999706E+001, 9.9999913E+001, 9.9999806E+001, 9.9999770E+001
 2.1017637E+002, 9.9999988E+001, 9.9999706E+001, 9.9999914E+001, 9.9999807E+001, 9.9999770E+001
 2.1109820E+002, 9.9999989E+001, 9.9999707E+001, 9.9999914E+001, 9.9999808E+001, 9.9999771E+001
 2.1202002E+002, 9.9999990E+001, 9.9999708E+001, 9.9999915E+001, 9.9999809E+001, 9.9999772E+001
 2.1340276E+002, 9.9999991E+001, 9.9999708E+001, 9.9999916E+001, 9.9999810E+001, 9.9999773E+001
 2.1432459E+002, 9.9999992E+001, 9.9999709E+001, 9.9999917E+001, 9.9999812E+001, 9.9999773E+001
 2.1524641E+002, 9.9999993E+001, 9.9999710E+001, 9.9999917E+001, 9.9999813E+001, 9.9999774E+001
 2.1616824E+002, 9.9999994E+001, 9.9999710E+001, 9.9999918E+001, 9.9999814E+001, 9.9999775E+001
 2.1709007E+002, 9.9999995E+001, 9.9999711E+001, 9.9999919E+001, 9.9999815E+001, 9.9999776E+001
 2.1801189E+002, 9.9999996E+001, 9.9999711E+001, 9.9999920E+001, 9.9999816E+001, 9.9999776E+001
 2.1939463E+002, 9.9999997E+001, 9.9999712E+001, 9.9999920E+001, 9.9999817E+001, 9.9999777E+001
 2.2031646E+002, 9.9999998E+001, 9.9999713E+001, 9.9999921E+001, 9.9999818E+001, 9.9999778E+001
 2.2123828E+002, 9.9999999E+001, 9.9999713E+001, 9.9999922E+001, 9.9999819E+001, 9.9999779E+001
 2.2216011E+002, 9.9999999E+001, 9.9999714E+001, 9.9999923E+001, 9.9999820E+001, 9.9999780E+001
 2.2308194E+002, 1.0000000E+002, 9.9999715E+001, 9.9999924E+001, 9.9999821E+001, 9.9999780E+001
 2.2400376E+002, 1.0000000E+002, 9.9999715E+001, 9.9999924E+001, 9.9999822E+001, 9.9999781E+001
 2.2538650E+002, 1.0000000E+002, 9.9999716E+001, 9.9999925E+001, 9.9999824E+001, 9.9999782E+001
 2.2630833E+002, 1.0000000E+002, 9.9999717E+001, 9.9999926E+001, 9.9999825E+001, 9.9999783E+001
 2.2723015E+002, 1.0000000E+002, 9.9999718E+001, 9.9999927E+001, 9.9999826E+001, 9.9999784E+001
 2.2815198E+002, 1.0000000E+002, 9.9999718E+001, 9.9999928E+001, 9.9999827E+001, 9.9999785E+001
 2.2907381E+002, 1.0000000E+002, 9.9999719E+001, 9.9999928E+001, 9.9999828E+001, 9.9999785E+001
 2.3045655E+002, 1.0000001E+002, 9.9999720E+001, 9.9999929E+001, 9.9999829E+001, 9.9999786E+001
 2.3137837E+002, 1.0000001E+002, 9.9999721E+001, 9.9999930E+001, 9.9999830E+001, 9.9999787E+001
 2.3230020E+002, 1.0000001E+002, 9.9999722E+001, 9.9999931E+001, 9.9999831E+001, 9.9999788E+001
 2.3322202E+002, 1.0000001E+002, 9.9999722E+001, 9.9999932E+001, 9.9999832E+001, 9.9999789E+001
 2.3414385E+002, 1.0000001E+002, 9.9999723E+001, 9.9999932E+001, 9.9999833E+001, 9.9999790E+001
 2.3506568E+002, 1.0000001E+002, 9.9999724E+001, 9.9999933E+001, 9.9999834E+001, 9.9999790E+001
 2.3644842E+002, 1.0000001E+002, 9.9999725E+001, 9.9999934E+001, 9.9999835E+001, 9.9999791E+001
 2.3737024E+002, 1.0000001E+002, 9.9999726E+001, 9.9999935E+001, 9.9999836E+001, 9.9999792E+001
 2.3829207E+002, 1.0000001E+002, 9.9999726E+001, 9.9999936E+001, 9.9999837E+001, 9.9999793E+001
 2.3921389E+002, 1.0000001E+002, 9.9999727E+001, 9.9999937E+001, 9.9999838E+001, 9.9999794E+001
 2.4013572E+002, 1.0000001E+002, 9.9999728E+001, 9.9999937E+001, 9.9999839E+001, 9.9999795E+001
 2.4105755E+002, 1.0000001E+002, 9.9999729E+001, 9.9999938E+001, 9.9999840E+001, 9.9999796E+001
 2.4244029E+002, 1.0000001E+002, 9.9999729E+001, 9.9999939E+001, 9.9999841E+001, 9.9999797E+001
 2.4336211E+002, 1.0000001E+002, 9.9999730E+001, 9.9999940E+001, 9.9999842E+001, 9.9999798E+001
 2.4428394E+002, 1.0000001E+002, 9.9999731E+001, 9.9999941E+001, 9.9999843E+001, 9.9999798E+001
 2.4520576E+002, 1.0000001E+002, 9.9999732E+001, 9.9999942E+001, 9.9999843E+001, 9.9999799E+001
 2.4612759E+002, 1.0000001E+002, 9.9999733E+001, 9.9999942E+001, 9.9999844E+001, 9.9999800E+001
 2.4704942E+002, 1.0000001E+002, 9.9999734E+001, 9.9999943E+001, 9.9999845E+001, 9.9999801E+001
 2.4843216E+002, 1.0000002E+002, 9.9999735E+001, 9.9999944E+001, 9.9999846E+001, 9.9999802E+001
 2.4935398E+002, 1.0000002E+002, 9.9999736E+001, 9.9999945E+001, 9.9999847E+001, 9.9999803E+001
 2.5027581E+002, 1.0000002E+002, 9.9999736E+001, 9.9999946E+001, 9.9999848E+001, 9.9999804E+001
 2.5119763E+002, 1.0000002E+002, 9.9999737E+001, 9.9999947E+001, 9.9999849E+001, 9.9999805E+001
 2.5211946E+002, 1.0000002E+002, 9.9999738E+001, 9.9999947E+001, 9.9999850E+001, 9.9999805E+001
 2.5304129E+002, 1.0000002E+002, 9.9999739E+001, 9.9999948E+001, 9.9999851E+001, 9.9999806E+001
 2.5442403E+002, 1.0000002E+002, 9.9999740E+001, 9.9999949E+001, 9.9999852E+001, 9.9999807E+001
 2.5534585E+002, 1.0000002E+002, 9.9999741E+001, 9.9999950E+001, 9.9999853E+001, 9.9999808E+001
 2.5626768E+002, 1.0000002E+002, 9.9999742E+001, 9.9999951E+001, 9.9999853E+001, 9.9999809E+001
 2.5718950E+002, 1.0000002E+002, 9.9999743E+001, 9.9999952E+001, 9.9999854E+001, 9.9999810E+001
 2.5811133E+002, 1.0000002E+002, 9.9999743E+001, 9.9999952E+001, 9.9999855E+001, 9.9999811E+001
 2.5903316E+002, 1.0000002E+002, 9.9999744E+001, 9.9999953E+001, 9.9999856E+001, 9.9999811E+001
 2.6041590E+002, 1.0000002E+002, 9.9999745E+001, 9.9999954E+001, 9.9999857E+001, 9.9999812E+001
 2.6133772E+002, 1.0000002E+002, 9.9999746E+001, 9.9999955E+001, 9.9999858E+001, 9.9999814E+001
 2.6225955E+002, 1.0000002E+002, 9.9999747E+001, 9.9999956E+001, 9.9999858E+001, 9.9999814E+001
 2.6318138E+002, 1.0000002E+002, 9.9999748E+001, 9.9999957E+001, 9.9999859E+001, 9.9999815E+001
 2.6410320E+002, 1.0000002E+002, 9.9999749E+001, 9.9999957E+001, 9.9999860E+001, 9.9999816E+001
 2.6502503E+002, 1.0000002E+002, 9.9999750E+001, 9.9999958E+001, 9.9999861E+001, 9.9999817E+001
 2.6640777E+002, 1.0000002E+002, 9.9999751E+001, 9.9999959E+001, 9.9999862E+001, 9.9999818E+001
 2.6732959E+002, 1.0000002E+002, 9.9999752E+001, 9.9999960E+001, 9.9999862E+001, 9.9999819E+001
 2.6825142E+002, 1.0000002E+002, 9.9999753E+001, 9.9999961E+001, 9.9999863E+001, 9.9999820E+001
 2.6917325E+002, 1.0000002E+002, 9.9999754E+001, 9.9999961E+001, 9.9999864E+001, 9.9999820E+001
 2.7009507E+002, 1.0000002E+002, 9.9999755E+001, 9.9999962E+001, 9.9999865E+001, 9.9999821E+001
 2.7101690E+002, 1.0000002E+002, 9.9999755E+001, 9.9999963E+001, 9.9999865E+001, 9.9999822E+001
 2.7239964E+002, 1.0000002E+002, 9.9999757E+001, 9.9999964E+001, 9.9999866E+001, 9.9999823E+001
 2.7332146E+002, 1.0000002E+002, 9.9999758E+001, 9.9999965E+001, 9.9999867E+001, 9.9999824E+001
 2.7424329E+002, 1.0000002E+002, 9.9999758E+001, 9.9999966E+001, 9.9999868E+001, 9.9999825E+001
 2.7516512E+002, 1.0000002E+002, 9.9999759E+001, 9.9999966E+001, 9.9999869E+001, 9.9999826E+001
 2.7608694E+002, 1.0000002E+002, 9.9999760E+001, 9.9999967E+001, 9.9999869E+001, 9.9999826E+001
 2.7700877E+002, 1.0000002E+002, 9.9999761E+001, 9.9999968E+001, 9.9999870E+001, 9.9999827E+001
 2.7839151E+002, 1.0000002E+002, 9.9999762E+001, 9.9999969E+001, 9.9999871E+001, 9.9999828E+001
 2.7931333E+002, 1.0000002E+002, 9.9999763E+001, 9.9999970E+001, 9.9999872E+001, 9.9999829E+001
 2.8023516E+002, 1.0000002E+002, 9.9999764E+001, 9.9999970E+001, 9.9999872E+001, 9.9999830E+001
 2.8115699E+002, 1.0000002E+002, 9.9999765E+001, 9.9999971E+001, 9.9999873E+001, 9.9999831E+001
 2.8207881E+002, 1.0000002E+002, 9.9999766E+001, 9.9999972E+001, 9.9999874E+001, 9.9999832E+001
 2.8300064E+002, 1.0000002E+002, 9.9999767E+001, 9.9999973E+001, 9.9999874E+001, 9.9999832E+001
 2.8438338E+002, 1.0000002E+002, 9.9999768E+001, 9.9999974E+001, 9.9999875E+001, 9.9999833E+001
 2.8530520E+002, 1.0000002E+002, 9.9999769E+001, 9.9999975E+001, 9.9999876E+001, 9.9999834E+001
 2.8622703E+002, 1.0000002E+002, 9.9999770E+001, 9.9999975E+001, 9.9999877E+001, 9.9999835E+001
 2.8714886E+002, 1.0000002E+002, 9.9999771E+001, 9.9999976E+001, 9.9999877E+001, 9.9999836E+001
 2.8807068E+002, 1.0000002E+002, 9.9999772E+001, 9.9999977E+001, 9.9999878E+001, 9.9999837E+001
 2.8945342E+002, 1.0000002E+002, 9.9999773E+001, 9.9999978E+001, 9.9999879E+001, 9.9999838E+001
 2.9037525E+002, 1.0000002E+002, 9.9999774E+001, 9.9999979E+001, 9.9999880E+001, 9.9999839E+001
 2.9129707E+002, 1.0000002E+002, 9.9999775E+001, 9.9999979E+001, 9.9999880E+001, 9.9999839E+001
 2.9221890E+002, 1.0000002E+002, 9.9999776E+001, 9.9999980E+001, 9.9999881E+001, 9.9999840E+001
 2.9314073E+002, 1.0000002E+002, 9.9999777E+001, 9.9999981E+001, 9.9999881E+001, 9.9999841E+001
 2.9406255E+002, 1.0000002E+002, 9.9999778E+001, 9.9999981E+001, 9.9999882E+001, 9.9999842E+001
 2.9544529E+002, 1.0000002E+002, 9.9999779E+001, 9.9999982E+001, 9.9999883E+001, 9.9999843E+001
 2.9636712E+002, 1.0000002E+002, 9.9999780E+001, 9.9999983E+001, 9.9999884E+001, 9.9999844E+001
 2.9728894E+002, 1.0000002E+002, 9.9999781E+001, 9.9999984E+001, 9.9999884E+001, 9.9999844E+001
 2.9821077E+002, 1.0000002E+002, 9.9999782E+001, 9.9999985E+001, 9.9999885E+001, 9.9999845E+001
 2.9913260E+002, 1.0000002E+002, 9.9999783E+001, 9.9999985E+001, 9.9999886E+001, 9.9999846E+001
 3.0005442E+002, 1.0000002E+002, 9.9999784E+001, 9.9999986E+001, 9.9999886E+001, 9.9999847E+001
 3.0143716E+002, 1.0000002E+002, 9.9999785E+001, 9.9999987E+001, 9.9999887E+001, 9.9999848E+001
 3.0235899E+002, 1.0000002E+002, 9.9999786E+001, 9.9999988E+001, 9.9999888E+001, 9.9999849E+001
 3.0328081E+002, 1.0000002E+002, 9.9999787E+001, 9.9999988E+001, 9.9999888E+001, 9.9999849E+001
 3.0420264E+002, 1.0000002E+002, 9.9999788E+001, 9.9999989E+001, 9.9999889E+001, 9.9999850E+001
 3.0512447E+002, 1.0000002E+002, 9.9999789E+001, 9.9999990E+001, 9.9999890E+001, 9.9999851E+001
 3.0604629E+002, 1.0000002E+002, 9.9999790E+001, 9.9999990E+001, 9.9999890E+001, 9.9999851E+001
 3.0742903E+002, 1.0000002E+002, 9.9999791E+001, 9.9999991E+001, 9.9999891E+001, 9.9999852E+001
 3.0835086E+002, 1.0000002E+002, 9.9999792E+001, 9.9999992E+001, 9.9999892E+001, 9.9999853E+001
 3.0927268E+002, 1.0000002E+002, 9.9999793E+001, 9.9999993E+001, 9.9999892E+001, 9.9999854E+001
 3.1019451E+002, 1.0000002E+002, 9.9999794E+001, 9.9999993E+001, 9.9999893E+001, 9.9999855E+001
 3.1111634E+002, 1.0000002E+002, 9.9999795E+001, 9.9999994E+001, 9.9999893E+001, 9.9999855E+001
 3.1203816E+002, 1.0000002E+002, 9.9999796E+001, 9.9999995E+001, 9.9999894E+001, 9.9999856E+001
 3.1342090E+002, 1.0000002E+002, 9.9999797E+001, 9.9999995E+001, 9.9999895E+001, 9.9999857E+001
 3.1434273E+002, 1.0000002E+002, 9.9999798E+001, 9.9999996E+001, 9.9999896E+001, 9.9999858E+001
 3.1526455E+002, 1.0000002E+002, 9.9999799E+001, 9.9999997E+001, 9.9999896E+001, 9.9999859E+001
 3.1618638E+002, 1.0000002E+002, 9.9999800E+001, 9.9999998E+001, 9.9999897E+001, 9.9999859E+001
 3.1710821E+002, 1.0000002E+002, 9.9999801E+001, 9.9999998E+001, 9.9999897E+001, 9.9999860E+001
 3.1803003E+002, 1.0000002E+002, 9.9999802E+001, 9.9999999E+001, 9.9999898E+001, 9.9999861E+001
 3.1941277E+002, 1.0000002E+002, 9.9999803E+001, 1.0000000E+002, 9.9999899E+001, 9.9999862E+001
 3.2033460E+002, 1.0000002E+002, 9.9999804E+001, 1.0000000E+002, 9.9999899E+001, 9.9999862E+001
 3.2125642E+002, 1.0000002E+002, 9.9999805E+001, 1.0000000E+002, 9.9999900E+001, 9.9999863E+001
 3.2217825E+002, 1.0000002E+002, 9.9999806E+001, 1.0000000E+002, 9.9999901E+001, 9.9999864E+001
 3.2310008E+002, 1.0000002E+002, 9.9999807E+001, 1.0000000E+002, 9.9999901E+001, 9.9999865E+001
 3.2402190E+002, 1.0000002E+002, 9.9999808E+001, 1.0000000E+002, 9.9999902E+001, 9.9999865E+001
 3.2540464E+002, 1.0000002E+002, 9.9999809E+001, 1.0000000E+002, 9.9999902E+001, 9.9999866E+001
 3.2632647E+002, 1.0000002E+002, 9.9999810E+001, 1.0000000E+002, 9.9999903E+001, 9.9999867E+001
 3.2724829E+002, 1.0000002E+002, 9.9999811E+001, 1.0000000E+002, 9.9999904E+001, 9.9999868E+001
 3.2817012E+002, 1.0000002E+002, 9.9999812E+001, 1.0000001E+002, 9.9999904E+001, 9.9999868E+001
 3.2909195E+002, 1.0000002E+002, 9.9999813E+001, 1.0000001E+002, 9.9999905E+001, 9.9999869E+001
 3.3001377E+002, 1.0000002E+002, 9.9999814E+001, 1.0000001E+002, 9.9999905E+001, 9.9999870E+001
 3.3139651E+002, 1.0000002E+002, 9.9999815E+001, 1.0000001E+002, 9.9999906E+001, 9.9999871E+001
 3.3231834E+002, 1.0000002E+002, 9.9999816E+001, 1.0000001E+002, 9.9999907E+001, 9.9999871E+001
 3.3324016E+002, 1.0000002E+002, 9.9999817E+001, 1.0000001E+002, 9.9999907E+001, 9.9999872E+001
 3.3416199E+002, 1.0000002E+002, 9.9999818E+001, 1.0000001E+002, 9.9999908E+001, 9.9999873E+001
 3.3508382E+002, 1.0000002E+002, 9.9999819E+001, 1.0000001E+002, 9.9999908E+001, 9.9999873E+001
 3.3600564E+002, 1.0000002E+002, 9.9999820E+001, 1.0000001E+002, 9.9999909E+001, 9.9999874E+001
 3.3738838E+002, 1.0000002E+002, 9.9999821E+001, 1.0000001E+002, 9.9999910E+001, 9.9999875E+001
 3.3831021E+002, 1.0000002E+002, 9.9999822E+001, 1.0000001E+002, 9.9999910E+001, 9.9999876E+001
 3.3923204E+002, 1.0000002E+002, 9.9999823E+001, 1.0000001E+002, 9.9999911E+001, 9.9999876E+001
 3.4015386E+002, 1.0000002E+002, 9.9999824E+001, 1.0000001E+002, 9.9999911E+001, 9.9999877E+001
 3.4107569E+002, 1.0000002E+002, 9.9999825E+001, 1.0000001E+002, 9.9999912E+001, 9.9999878E+001
 3.4245843E+002, 1.0000002E+002, 9.9999826E+001, 1.0000001E+002, 9.9999913E+001, 9.9999879E+001
 3.4338025E+002, 1.0000002E+002, 9.9999827E+001, 1.0000001E+002, 9.9999913E+001, 9.9999879E+001
 3.4430208E+002, 1.0000002E+002, 9.9999828E+001, 1.0000002E+002, 9.9999914E+001, 9.9999880E+001
 3.4522391E+002, 1.0000002E+002, 9.9999829E+001, 1.0000002E+002, 9.9999914E+001, 9.9999881E+001
 3.4614573E+002, 1.0000002E+002, 9.9999830E+001, 1.0000002E+002, 9.9999915E+001, 9.9999881E+001
 3.4706756E+002, 1.0000002E+002, 9.9999831E+001, 1.0000002E+002, 9.9999915E+001, 9.9999882E+001
 3.4845030E+002, 1.0000002E+002, 9.9999832E+001, 1.0000002E+002, 9.9999916E+001, 9.9999883E+001
 3.4937212E+002, 1.0000002E+002, 9.9999833E+001, 1.0000002E+002, 9.9999917E+001, 9.9999884E+001
 3.5029395E+002, 1.0000002E+002, 9.9999834E+001, 1.0000002E+002, 9.9999917E+001, 9.9999884E+001
 3.5121578E+002, 1.0000002E+002, 9.9999835E+001, 1.0000002E+002, 9.9999918E+001, 9.9999885E+001
 3.5213760E+002, 1.0000002E+002, 9.9999836E+001, 1.0000002E+002, 9.9999918E+001, 9.9999885E+001
 3.5305943E+002, 1.0000002E+002, 9.9999836E+001, 1.0000002E+002, 9.9999919E+001, 9.9999886E+001
 3.5444217E+002, 1.0000002E+002, 9.9999838E+001, 1.0000002E+002, 9.9999919E+001, 9.9999887E+001
 3.5536399E+002, 1.0000002E+002, 9.9999839E+001, 1.0000002E+002, 9.9999920E+001, 9.9999888E+001
 3.5628582E+002, 1.0000002E+002, 9.9999840E+001, 1.0000002E+002, 9.9999920E+001, 9.9999888E+001
 3.5720765E+002, 1.0000001E+002, 9.9999841E+001, 1.0000002E+002, 9.9999921E+001, 9.9999889E+001
 3.5812947E+002, 1.0000001E+002, 9.9999841E+001, 1.0000002E+002, 9.9999921E+001, 9.9999889E+001
 3.5905130E+002, 1.0000001E+002, 9.9999842E+001, 1.0000002E+002, 9.9999922E+001, 9.9999890E+001
 3.6043404E+002, 1.0000001E+002, 9.9999843E+001, 1.0000002E+002, 9.9999922E+001, 9.9999891E+001
 3.6135586E+002, 1.0000001E+002, 9.9999845E+001, 1.0000002E+002, 9.9999923E+001, 9.9999892E+001
 3.6227769E+002, 1.0000001E+002, 9.9999845E+001, 1.0000002E+002, 9.9999924E+001, 9.9999892E+001
 3.6319952E+002, 1.0000001E+002, 9.9999846E+001, 1.0000002E+002, 9.9999924E+001, 9.9999893E+001
 3.6412134E+002, 1.0000001E+002, 9.9999847E+001, 1.0000003E+002, 9.9999925E+001, 9.9999893E+001
 3.6504317E+002, 1.0000001E+002, 9.9999848E+001, 1.0000003E+002, 9.9999925E+001, 9.9999894E+001
 3.6642591E+002, 1.0000001E+002, 9.9999849E+001, 1.0000003E+002, 9.9999926E+001, 9.9999895E+001
 3.6734773E+002, 1.0000001E+002, 9.9999850E+001, 1.0000003E+002, 9.9999926E+001, 9.9999896E+001
 3.6826956E+002, 1.0000001E+002, 9.9999851E+001, 1.0000003E+002, 9.9999927E+001, 9.9999896E+001
 3.6919139E+002, 1.0000001E+002, 9.9999852E+001, 1.0000003E+002, 9.9999927E+001, 9.9999897E+001
 3.7011321E+002, 1.0000001E+002, 9.9999853E+001, 1.0000003E+002, 9.9999928E+001, 9.9999897E+001
 3.7103504E+002, 1.0000001E+002, 9.9999854E+001, 1.0000003E+002, 9.9999928E+001, 9.9999898E+001
 3.7241778E+002, 1.0000001E+002, 9.9999855E+001, 1.0000003E+002, 9.9999929E+001, 9.9999899E+001
 3.7333960E+002, 1.0000001E+002, 9.9999856E+001, 1.0000003E+002, 9.9999929E+001, 9.9999899E+001
 3.7426143E+002, 1.0000001E+002, 9.9999857E+001, 1.0000003E+002, 9.9999930E+001, 9.9999900E+001
 3.7518326E+002, 1.0000001E+002, 9.9999858E+001, 1.0000003E+002, 9.9999930E+001, 9.9999901E+001
 3.7610508E+002, 1.0000001E+002, 9.9999859E+001, 1.0000003E+002, 9.9999931E+001, 9.9999901E+001
 3.7702691E+002, 1.0000001E+002, 9.9999860E+001, 1.0000003E+002, 9.9999931E+001, 9.9999902E+001
 3.7840965E+002, 1.0000001E+002, 9.9999861E+001, 1.0000003E+002, 9.9999932E+001, 9.9999902E+001
 3.7933147E+002, 1.0000001E+002, 9.9999862E+001, 1.0000003E+002, 9.9999932E+001, 9.9999903E+001
 3.8025330E+002, 1.0000001E+002, 9.9999863E+001, 1.0000003E+002, 9.9999933E+001, 9.9999904E+001
 3.8117513E+002, 1.0000001E+002, 9.9999864E+001, 1.0000003E+002, 9.9999933E+001, 9.9999904E+001
 3.8209695E+002, 1.0000001E+002, 9.9999865E+001, 1.0000003E+002, 9.9999933E+001, 9.9999905E+001
 3.8301878E+002, 1.0000001E+002, 9.9999865E+001, 1.0000003E+002, 9.9999934E+001, 9.9999905E+001
 3.8440152E+002, 1.0000001E+002, 9.9999867E+001, 1.0000003E+002, 9.9999934E+001, 9.9999906E+001
 3.8532334E+002, 1.0000001E+002, 9.9999868E+001, 1.0000003E+002, 9.9999935E+001, 9.9999907E+001
 3.8624517E+002, 1.0000001E+002, 9.9999869E+001, 1.0000003E+002, 9.9999935E+001, 9.9999907E+001
 3.8716700E+002, 1.0000001E+002, 9.9999869E+001, 1.0000003E+002, 9.9999936E+001, 9.9999908E+001
 3.8808882E+002, 1.0000001E+002, 9.9999870E+001, 1.0000003E+002, 9.9999936E+001, 9.9999908E+001
 3.8901065E+002, 1.0000001E+002, 9.9999871E+001, 1.0000003E+002, 9.9999937E+001, 9.9999909E+001
 3.9039339E+002, 1.0000001E+002, 9.9999872E+001, 1.0000004E+002, 9.9999937E+001, 9.9999910E+001
 3.9131521E+002, 1.0000001E+002, 9.9999873E+001, 1.0000004E+002, 9.9999938E+001, 9.9999910E+001
 3.9223704E+002, 1.0000001E+002, 9.9999874E+001, 1.0000004E+002, 9.9999938E+001, 9.9999911E+001
 3.9315887E+002, 1.0000001E+002, 9.9999875E+001, 1.0000004E+002, 9.9999939E+001, 9.9999911E+001
 3.9408069E+002, 1.0000001E+002, 9.9999876E+001, 1.0000004E+002, 9.9999939E+001, 9.9999912E+001
 3.9500252E+002, 1.0000001E+002, 9.9999877E+001, 1.0000004E+002, 9.9999939E+001, 9.9999913E+001
 3.9638526E+002, 1.0000001E+002, 9.9999878E+001, 1.0000004E+002, 9.9999940E+001, 9.9999913E+001
 3.9730708E+002, 1.0000001E+002, 9.9999879E+001, 1.0000004E+002, 9.9999941E+001, 9.9999914E+001
 3.9822891E+002, 1.0000001E+002, 9.9999880E+001, 1.0000004E+002, 9.9999941E+001, 9.9999914E+001
 3.9915074E+002, 1.0000001E+002, 9.9999881E+001, 1.0000004E+002, 9.9999941E+001, 9.9999915E+001
 4.0007256E+002, 1.0000001E+002, 9.9999882E+001, 1.0000004E+002, 9.9999942E+001, 9.9999915E+001
 4.0145530E+002, 1.0000001E+002, 9.9999883E+001, 1.0000004E+002, 9.9999942E+001, 9.9999916E+001
 4.0237713E+002, 1.0000001E+002, 9.9999884E+001, 1.0000004E+002, 9.9999943E+001, 9.9999917E+001
 4.0329895E+002, 1.0000001E+002, 9.9999885E+001, 1.0000004E+002, 9.9999943E+001, 9.9999917E+001
 4.0422078E+002, 1.0000001E+002, 9.9999885E+001, 1.0000004E+002, 9.9999944E+001, 9.9999918E+001
 4.0514261E+002, 1.0000001E+002, 9.9999886E+001, 1.0000004E+002, 9.9999944E+001, 9.9999918E+001
 4.0606443E+002, 1.0000001E+002, 9.9999887E+001, 1.0000004E+002, 9.9999944E+001, 9.9999919E+001
 4.0744717E+002, 1.0000000E+002, 9.9999888E+001, 1.0000004E+002, 9.9999945E+001, 9.9999920E+001
 4.0836900E+002, 1.0000000E+002, 9.9999889E+001, 1.0000004E+002, 9.9999945E+001, 9.9999920E+001
 4.0929083E+002, 1.0000000E+002, 9.9999890E+001, 1.0000004E+002, 9.9999946E+001, 9.9999921E+001
 4.1021265E+002, 1.0000000E+002, 9.9999891E+001, 1.0000004E+002, 9.9999946E+001, 9.9999921E+001
 4.1113448E+002, 1.0000000E+002, 9.9999892E+001, 1.0000004E+002, 9.9999947E+001, 9.9999922E+001
 4.1205630E+002, 1.0000000E+002, 9.9999893E+001, 1.0000004E+002, 9.9999947E+001, 9.9999922E+001
 4.1343904E+002, 1.0000000E+002, 9.9999894E+001, 1.0000004E+002, 9.9999948E+001, 9.9999923E+001
 4.1436087E+002, 1.0000000E+002, 9.9999895E+001, 1.0000004E+002, 9.9999948E+001, 9.9999923E+001
 4.1528270E+002, 1.0000000E+002, 9.9999896E+001, 1.0000004E+002, 9.9999948E+001, 9.9999924E+001
 4.1620452E+002, 1.0000000E+002, 9.9999896E+001, 1.0000004E+002, 9.9999949E+001, 9.9999924E+001
 4.1712635E+002, 1.0000000E+002, 9.9999897E+001, 1.0000004E+002, 9.9999949E+001, 9.9999925E+001
 4.1804817E+002, 1.0000000E+002, 9.9999898E+001, 1.0000004E+002, 9.9999950E+001, 9.9999925E+001
 4.1943091E+002, 1.0000000E+002, 9.9999899E+001, 1.0000004E+002, 9.9999950E+001, 9.9999926E+001
 4.2035274E+002, 1.0000000E+002, 9.9999900E+001, 1.0000004E+002, 9.9999951E+001, 9.9999927E+001
 4.2127457E+002, 1.0000000E+002, 9.9999901E+001, 1.0000004E+002, 9.9999951E+001, 9.9999927E+001
 4.2219639E+002, 1.0000000E+002, 9.9999902E+001, 1.0000004E+002, 9.9999951E+001, 9.9999928E+001
 4.2311822E+002, 1.0000000E+002, 9.9999903E+001, 1.0000004E+002, 9.9999952E+001, 9.9999928E+001
 4.2404004E+002, 1.0000000E+002, 9.9999903E+001, 1.0000004E+002, 9.9999952E+001, 9.9999929E+001
 4.2542278E+002, 1.0000000E+002, 9.9999904E+001, 1.0000004E+002, 9.9999953E+001, 9.9999929E+001
 4.2634461E+002, 1.0000000E+002, 9.9999905E+001, 1.0000004E+002, 9.9999953E+001, 9.9999930E+001
 4.2726644E+002, 1.0000000E+002, 9.9999906E+001, 1.0000004E+002, 9.9999953E+001, 9.9999930E+001
 4.2818826E+002, 1.0000000E+002, 9.9999907E+001, 1.0000004E+002, 9.9999954E+001, 9.9999931E+001
 4.2911009E+002, 1.0000000E+002, 9.9999908E+001, 1.0000005E+002, 9.9999954E+001, 9.9999931E+001
 4.3003191E+002, 1.0000000E+002, 9.9999909E+001, 1.0000005E+002, 9.9999955E+001, 9.9999932E+001
 4.3141465E+002, 1.0000000E+002, 9.9999910E+001, 1.0000005E+002, 9.9999955E+001, 9.9999932E+001
 4.3233648E+002, 1.0000000E+002, 9.9999911E+001, 1.0000005E+002, 9.9999956E+001, 9.9999933E+001
 4.3325831E+002, 1.0000000E+002, 9.9999912E+001, 1.0000005E+002, 9.9999956E+001, 9.9999933E+001
 4.3418013E+002, 1.0000000E+002, 9.9999912E+001, 1.0000005E+002, 9.9999956E+001, 9.9999934E+001
 4.3510196E+002, 1.0000000E+002, 9.9999913E+001, 1.0000005E+002, 9.9999957E+001, 9.9999934E+001
 4.3602378E+002, 1.0000000E+002, 9.9999914E+001, 1.0000005E+002, 9.9999957E+001, 9.9999935E+001
 4.3740652E+002, 1.0000000E+002, 9.9999915E+001, 1.0000005E+002, 9.9999957E+001, 9.9999935E+001
 4.3832835E+002, 1.0000000E+002, 9.9999916E+001, 1.0000005E+002, 9.9999958E+001, 9.9999936E+001
 4.3925018E+002, 1.0000000E+002, 9.9999917E+001, 1.0000005E+002, 9.9999958E+001, 9.9999936E+001
 4.4017200E+002, 1.0000000E+002, 9.9999918E+001, 1.0000005E+002, 9.9999959E+001, 9.9999937E+001
 4.4109383E+002, 1.0000000E+002, 9.9999918E+001, 1.0000005E+002, 9.9999959E+001, 9.9999937E+001
 4.4201565E+002, 1.0000000E+002, 9.9999919E+001, 1.0000005E+002, 9.9999959E+001, 9.9999938E+001
 4.4339839E+002, 1.0000000E+002, 9.9999920E+001, 1.0000005E+002, 9.9999960E+001, 9.9999938E+001
 4.4432022E+002, 9.9999999E+001, 9.9999921E+001, 1.0000005E+002, 9.9999960E+001, 9.9999939E+001
 4.4524205E+002, 9.9999999E+001, 9.9999922E+001, 1.0000005E+002, 9.9999960E+001, 9.9999939E+001
 4.4616387E+002, 9.9999999E+001, 9.9999923E+001, 1.0000005E+002, 9.9999961E+001, 9.9999940E+001
 4.4708570E+002, 9.9999999E+001, 9.9999923E+001, 1.0000005E+002, 9.9999961E+001, 9.9999940E+001
 4.4800752E+002, 9.9999999E+001, 9.9999924E+001, 1.0000005E+002, 9.9999962E+001, 9.9999940E+001
 4.4939026E+002, 9.9999999E+001, 9.9999925E+001, 1.0000005E+002, 9.9999962E+001, 9.9999941E+001
 4.5031209E+002, 9.9999998E+001, 9.9999926E+001, 1.0000005E+002, 9.9999962E+001, 9.9999942E+001
 4.5123392E+002, 9.9999998E+001, 9.9999927E+001, 1.0000005E+002, 9.9999963E+001, 9.9999942E+001
 4.5215574E+002, 9.9999998E+001, 9.9999928E+001, 1.0000005E+002, 9.9999963E+001, 9.9999942E+001
 4.5307757E+002, 9.9999998E+001, 9.9999929E+001, 1.0000005E+002, 9.9999963E+001, 9.9999943E+001
 4.5446031E+002, 9.9999998E+001, 9.9999930E+001, 1.0000005E+002, 9.9999964E+001, 9.9999943E+001
 4.5538213E+002, 9.9999998E+001, 9.9999931E+001, 1.0000005E+002, 9.9999964E+001, 9.9999944E+001
 4.5630396E+002, 9.9999998E+001, 9.9999931E+001, 1.0000005E+002, 9.9999965E+001, 9.9999944E+001
 4.5722579E+002, 9.9999997E+001, 9.9999932E+001, 1.0000005E+002, 9.9999965E+001, 9.9999945E+001
 4.5814761E+002, 9.9999997E+001, 9.9999933E+001, 1.0000005E+002, 9.9999965E+001, 9.9999945E+001
 4.5906944E+002, 9.9999997E+001, 9.9999934E+001, 1.0000005E+002, 9.9999965E+001, 9.9999946E+001
 4.6045218E+002, 9.9999997E+001, 9.9999935E+001, 1.0000005E+002, 9.9999966E+001, 9.9999946E+001
 4.6137400E+002, 9.9999997E+001, 9.9999935E+001, 1.0000005E+002, 9.9999966E+001, 9.9999947E+001
 4.6229583E+002, 9.9999997E+001, 9.9999936E+001, 1.0000005E+002, 9.9999967E+001, 9.9999947E+001
 4.6321766E+002, 9.9999997E+001, 9.9999937E+001, 1.0000005E+002, 9.9999967E+001, 9.9999947E+001
 4.6413948E+002, 9.9999997E+001, 9.9999938E+001, 1.0000005E+002, 9.9999967E+001, 9.9999948E+001
 4.6506131E+002, 9.9999997E+001, 9.9999939E+001, 1.0000005E+002, 9.9999968E+001, 9.9999948E+001
 4.6644405E+002, 9.9999996E+001, 9.9999939E+001, 1.0000005E+002, 9.9999968E+001, 9.9999949E+001
 4.6736587E+002, 9.9999996E+001, 9.9999940E+001, 1.0000005E+002, 9.9999968E+001, 9.9999949E+001
 4.6828770E+002, 9.9999996E+001, 9.9999941E+001, 1.0000005E+002, 9.9999969E+001, 9.9999950E+001
 4.6920953E+002, 9.9999996E+001, 9.9999942E+001, 1.0000005E+002, 9.9999969E+001, 9.9999950E+001
 4.7013135E+002, 9.9999996E+001, 9.9999943E+001, 1.0000005E+002, 9.9999969E+001, 9.9999951E+001
 4.7105318E+002, 9.9999996E+001, 9.9999943E+001, 1.0000005E+002, 9.9999970E+001, 9.9999951E+001
 4.7243592E+002, 9.9999996E+001, 9.9999944E+001, 1.0000005E+002, 9.9999970E+001, 9.9999951E+001
 4.7335774E+002, 9.9999996E+001, 9.9999945E+001, 1.0000005E+002, 9.9999970E+001, 9.9999952E+001
 4.7427957E+002, 9.9999996E+001, 9.9999946E+001, 1.0000005E+002, 9.9999971E+001, 9.9999952E+001
 4.7520140E+002, 9.9999996E+001, 9.9999947E+001, 1.0000005E+002, 9.9999971E+001, 9.9999953E+001
 4.7612322E+002, 9.9999995E+001, 9.9999947E+001, 1.0000005E+002, 9.9999971E+001, 9.9999953E+001
 4.7704505E+002, 9.9999995E+001, 9.9999948E+001, 1.0000005E+002, 9.9999972E+001, 9.9999954E+001
 4.7842779E+002, 9.9999995E+001, 9.9999949E+001, 1.0000005E+002, 9.9999972E+001, 9.9999954E+001
 4.7934961E+002, 9.9999995E+001, 9.9999950E+001, 1.0000005E+002, 9.9999972E+001, 9.9999954E+001
 4.8027144E+002, 9.9999995E+001, 9.9999951E+001, 1.0000005E+002, 9.9999973E+001, 9.9999955E+001
 4.8119327E+002, 9.9999995E+001, 9.9999951E+001, 1.0000005E+002, 9.9999973E+001, 9.9999955E+001
 4.8211509E+002, 9.9999995E+001, 9.9999952E+001, 1.0000005E+002, 9.9999973E+001, 9.9999956E+001
 4.8303692E+002, 9.9999995E+001, 9.9999953E+001, 1.0000005E+002, 9.9999973E+001, 9.9999956E+001
 4.8441966E+002, 9.9999995E+001, 9.9999954E+001, 1.0000005E+002, 9.9999974E+001, 9.9999957E+001
 4.8534149E+002, 9.9999995E+001, 9.9999955E+001, 1.0000005E+002, 9.9999974E+001, 9.9999957E+001
 4.8626331E+002, 9.9999995E+001, 9.9999955E+001, 1.0000005E+002, 9.9999974E+001, 9.9999957E+001
 4.8718514E+002, 9.9999995E+001, 9.9999956E+001, 1.0000005E+002, 9.9999975E+001, 9.9999958E+001
 4.8810696E+002, 9.9999994E+001, 9.9999957E+001, 1.0000006E+002, 9.9999975E+001, 9.9999958E+001
 4.8902879E+002, 9.9999994E+001, 9.9999958E+001, 1.0000006E+002, 9.9999975E+001, 9.9999959E+001
 4.9041153E+002, 9.9999994E+001, 9.9999958E+001, 1.0000006E+002, 9.9999976E+001, 9.9999959E+001
 4.9133336E+002, 9.9999994E+001, 9.9999959E+001, 1.0000006E+002, 9.9999976E+001, 9.9999959E+001
 4.9225518E+002, 9.9999994E+001, 9.9999960E+001, 1.0000006E+002, 9.9999976E+001, 9.9999960E+001
 4.9317701E+002, 9.9999994E+001, 9.9999961E+001, 1.0000006E+002, 9.9999977E+001, 9.9999960E+001
 4.9409883E+002, 9.9999994E+001, 9.9999961E+001, 1.0000006E+002, 9.9999977E+001, 9.9999961E+001
 4.9502066E+002, 9.9999994E+001, 9.9999962E+001, 1.0000006E+002, 9.9999977E+001, 9.9999961E+001
 4.9640340E+002, 9.9999994E+001, 9.9999963E+001, 1.0000006E+002, 9.9999977E+001, 9.9999961E+001
 4.9732523E+002, 9.9999994E+001, 9.9999964E+001, 1.0000006E+002, 9.9999978E+001, 9.9999962E+001
 4.9824705E+002, 9.9999994E+001, 9.9999965E+001, 1.0000006E+002, 9.9999978E+001, 9.9999962E+001
 4.9916888E+002, 9.9999994E+001, 9.9999965E+001, 1.0000006E+002, 9.9999978E+001, 9.9999963E+001
 5.0009070E+002, 9.9999994E+001, 9.9999966E+001, 1.0000006E+002, 9.9999979E+001, 9.9999963E+001
 5.0101253E+002, 9.9999994E+001, 9.9999967E+001, 1.0000006E+002, 9.9999979E+001, 9.9999963E+001
 5.0239527E+002, 9.9999994E+001, 9.9999967E+001, 1.0000006E+002, 9.9999979E+001, 9.9999964E+001
 5.0331710E+002, 9.9999994E+001, 9.9999968E+001, 1.0000006E+002, 9.9999979E+001, 9.9999964E+001
 5.0423892E+002, 9.9999994E+001, 9.9999969E+001, 1.0000006E+002, 9.9999980E+001, 9.9999965E+001
 5.0516075E+002, 9.9999993E+001, 9.9999970E+001, 1.0000006E+002, 9.9999980E+001, 9.9999965E+001
 5.0608257E+002, 9.9999993E+001, 9.9999970E+001, 1.0000006E+002, 9.9999980E+001, 9.9999965E+001
 5.0700440E+002, 9.9999993E+001, 9.9999971E+001, 1.0000006E+002, 9.9999981E+001, 9.9999966E+001
 5.0838714E+002, 9.9999993E+001, 9.9999972E+001, 1.0000006E+002, 9.9999981E+001, 9.9999966E+001
 5.0930897E+002, 9.9999993E+001, 9.9999973E+001, 1.0000006E+002, 9.9999981E+001, 9.9999967E+001
 5.1023079E+002, 9.9999993E+001, 9.9999973E+001, 1.0000006E+002, 9.9999981E+001, 9.9999967E+001
 5.1115262E+002, 9.9999993E+001, 9.9999974E+001, 1.0000006E+002, 9.9999982E+001, 9.9999967E+001
 5.1207444E+002, 9.9999993E+001, 9.9999975E+001, 1.0000006E+002, 9.9999982E+001, 9.9999968E+001
 5.1345718E+002, 9.9999993E+001, 9.9999975E+001, 1.0000006E+002, 9.9999982E+001, 9.9999968E+001
 5.1437901E+002, 9.9999993E+001, 9.9999976E+001, 1.0000006E+002, 9.9999983E+001, 9.9999968E+001
 5.1530084E+002, 9.9999993E+001, 9.9999977E+001, 1.0000006E+002, 9.9999983E+001, 9.9999969E+001
 5.1622266E+002, 9.9999993E+001, 9.9999978E+001, 1.0000006E+002, 9.9999983E+001, 9.9999969E+001
 5.1714449E+002, 9.9999993E+001, 9.9999978E+001, 1.0000006E+002, 9.9999983E+001, 9.9999970E+001
 5.1806631E+002, 9.9999993E+001, 9.9999979E+001, 1.0000006E+002, 9.9999983E+001, 9.9999970E+001
 5.1944905E+002, 9.9999993E+001, 9.9999980E+001, 1.0000006E+002, 9.9999984E+001, 9.9999970E+001
 5.2037088E+002, 9.9999993E+001, 9.9999981E+001, 1.0000006E+002, 9.9999984E+001, 9.9999971E+001
 5.2129271E+002, 9.9999993E+001, 9.9999981E+001, 1.0000006E+002, 9.9999984E+001, 9.9999971E+001
 5.2221453E+002, 9.9999993E+001, 9.9999982E+001, 1.0000006E+002, 9.9999985E+001, 9.9999971E+001
 5.2313636E+002, 9.9999993E+001, 9.9999982E+001, 1.0000006E+002, 9.9999985E+001, 9.9999972E+001
 5.2405818E+002, 9.9999993E+001, 9.9999983E+001, 1.0000006E+002, 9.9999985E+001, 9.9999972E+001
 5.2544092E+002, 9.9999993E+001, 9.9999984E+001, 1.0000006E+002, 9.9999985E+001, 9.9999972E+001
 5.2636275E+002, 9.9999993E+001, 9.9999985E+001, 1.0000006E+002, 9.9999986E+001, 9.9999973E+001
 5.2728458E+002, 9.9999993E+001, 9.9999985E+001, 1.0000006E+002, 9.9999986E+001, 9.9999973E+001
 5.2820640E+002, 9.9999993E+001, 9.9999986E+001, 1.0000006E+002, 9.9999986E+001, 9.9999974E+001
 5.2912823E+002, 9.9999993E+001, 9.9999987E+001, 1.0000006E+002, 9.9999986E+001, 9.9999974E+001
 5.3005005E+002, 9.9999993E+001, 9.9999987E+001, 1.0000006E+002, 9.9999986E+001, 9.9999974E+001
 5.3143279E+002, 9.9999993E+001, 9.9999988E+001, 1.0000006E+002, 9.9999987E+001, 9.9999975E+001
 5.3235462E+002, 9.9999993E+001, 9.9999989E+001, 1.0000006E+002, 9.9999987E+001, 9.9999975E+001
 5.3327645E+002, 9.9999993E+001, 9.9999989E+001, 1.0000006E+002, 9.9999987E+001, 9.9999975E+001
 5.3419827E+002, 9.9999993E+001, 9.9999990E+001, 1.0000006E+002, 9.9999987E+001, 9.9999976E+001
 5.3512010E+002, 9.9999993E+001, 9.9999991E+001, 1.0000006E+002, 9.9999988E+001, 9.9999976E+001
 5.3604193E+002, 9.9999993E+001, 9.9999991E+001, 1.0000006E+002, 9.9999988E+001, 9.9999976E+001
 5.3742466E+002, 9.9999993E+001, 9.9999992E+001, 1.0000006E+002, 9.9999988E+001, 9.9999977E+001
 5.3834649E+002, 9.9999993E+001, 9.9999993E+001, 1.0000006E+002, 9.9999988E+001, 9.9999977E+001
 5.3926832E+002, 9.9999993E+001, 9.9999993E+001, 1.0000006E+002, 9.9999989E+001, 9.9999977E+001
 5.4019014E+002, 9.9999993E+001, 9.9999994E+001, 1.0000006E+002, 9.9999989E+001, 9.9999978E+001
 5.4111197E+002, 9.9999993E+001, 9.9999994E+001, 1.0000006E+002, 9.9999989E+001, 9.9999978E+001
 5.4203380E+002, 9.9999992E+001, 9.9999995E+001, 1.0000006E+002, 9.9999989E+001, 9.9999978E+001
 5.4341653E+002, 9.9999992E+001, 9.9999996E+001, 1.0000006E+002, 9.9999989E+001, 9.9999979E+001
 5.4433836E+002, 9.9999992E+001, 9.9999997E+001, 1.0000006E+002, 9.9999990E+001, 9.9999979E+001
 5.4526019E+002, 9.9999992E+001, 9.9999997E+001, 1.0000006E+002, 9.9999990E+001, 9.9999979E+001
 5.4618201E+002, 9.9999992E+001, 9.9999998E+001, 1.0000006E+002, 9.9999990E+001, 9.9999980E+001
 5.4710384E+002, 9.9999992E+001, 9.9999998E+001, 1.0000006E+002, 9.9999990E+001, 9.9999980E+001
 5.4802567E+002, 9.9999992E+001, 9.9999999E+001, 1.0000006E+002, 9.9999990E+001, 9.9999980E+001
 5.4940840E+002, 9.9999992E+001, 1.0000000E+002, 1.0000006E+002, 9.9999991E+001, 9.9999981E+001
 5.5033023E+002, 9.9999992E+001, 1.0000000E+002, 1.0000006E+002, 9.9999991E+001, 9.9999981E+001
 5.5125206E+002, 9.9999992E+001, 1.0000000E+002, 1.0000006E+002, 9.9999991E+001, 9.9999981E+001
 5.5217388E+002, 9.9999992E+001, 1.0000000E+002, 1.0000006E+002, 9.9999991E+001, 9.9999982E+001
 5.5309571E+002, 9.9999992E+001, 1.0000000E+002, 1.0000006E+002, 9.9999991E+001, 9.9999982E+001
 5.5401754E+002, 9.9999992E+001, 1.0000000E+002, 1.0000006E+002, 9.9999992E+001, 9.9999982E+001
 5.5540027E+002, 9.9999992E+001, 1.0000000E+002, 1.0000006E+002, 9.9999992E+001, 9.9999983E+001
 5.5632210E+002, 9.9999992E+001, 1.0000000E+002, 1.0000006E+002, 9.9999992E+001, 9.9999983E+001
 5.5724393E+002, 9.9999992E+001, 1.0000000E+002, 1.0000006E+002, 9.9999992E+001, 9.9999983E+001
 5.5816575E+002, 9.9999992E+001, 1.0000001E+002, 1.0000006E+002, 9.9999992E+001, 9.9999984E+001
 5.5908758E+002, 9.9999992E+001, 1.0000001E+002, 1.0000006E+002, 9.9999993E+001, 9.9999984E+001
 5.6000941E+002, 9.9999992E+001, 1.0000001E+002, 1.0000006E+002, 9.9999993E+001, 9.9999984E+001
 5.6139215E+002, 9.9999992E+001, 1.0000001E+002, 1.0000006E+002, 9.9999993E+001, 9.9999985E+001
 5.6231397E+002, 9.9999992E+001, 1.0000001E+002, 1.0000006E+002, 9.9999993E+001, 9.9999985E+001
 5.6323580E+002, 9.9999992E+001, 1.0000001E+002, 1.0000006E+002, 9.9999993E+001, 9.9999985E+001
 5.6415762E+002, 9.9999992E+001, 1.0000001E+002, 1.0000006E+002, 9.9999994E+001, 9.9999985E+001
 5.6507945E+002, 9.9999992E+001, 1.0000001E+002, 1.0000006E+002, 9.9999994E+001, 9.9999986E+001
 5.6600128E+002, 9.9999992E+001, 1.0000001E+002, 1.0000006E+002, 9.9999994E+001, 9.9999986E+001
 5.6738402E+002, 9.9999992E+001, 1.0000001E+002, 1.0000006E+002, 9.9999994E+001, 9.9999986E+001
 5.6830584E+002, 9.9999992E+001, 1.0000001E+002, 1.0000006E+002, 9.9999994E+001, 9.9999987E+001
 5.6922767E+002, 9.9999992E+001, 1.0000001E+002, 1.0000006E+002, 9.9999994E+001, 9.9999987E+001
 5.7014949E+002, 9.9999992E+001, 1.0000001E+002, 1.0000006E+002, 9.9999995E+001, 9.9999987E+001
 5.7107132E+002, 9.9999992E+001, 1.0000001E+002, 1.0000006E+002, 9.9999995E+001, 9.9999988E+001
 5.7245406E+002, 9.9999992E+001, 1.0000001E+002, 1.0000006E+002, 9.9999995E+001, 9.9999988E+001
 5.7337589E+002, 9.9999992E+001, 1.0000001E+002, 1.0000006E+002, 9.9999995E+001, 9.9999988E+001
 5.7429771E+002, 9.9999992E+001, 1.0000001E+002, 1.0000006E+002, 9.9999995E+001, 9.9999989E+001
 5.7521954E+002, 9.9999992E+001, 1.0000002E+002, 1.0000006E+002, 9.9999995E+001, 9.9999989E+001
 5.7614136E+002, 9.9999992E+001, 1.0000002E+002, 1.0000006E+002, 9.9999996E+001, 9.9999989E+001
 5.7706319E+002, 9.9999992E+001, 1.0000002E+002, 1.0000006E+002, 9.9999996E+001, 9.9999989E+001
 5.7844593E+002, 9.9999992E+001, 1.0000002E+002, 1.0000006E+002, 9.9999996E+001, 9.9999990E+001
 5.7936776E+002, 9.9999992E+001, 1.0000002E+002, 1.0000006E+002, 9.9999996E+001, 9.9999990E+001
 5.8028958E+002, 9.9999992E+001, 1.0000002E+002, 1.0000006E+002, 9.9999996E+001, 9.9999990E+001
 5.8121141E+002, 9.9999992E+001, 1.0000002E+002, 1.0000006E+002, 9.9999996E+001, 9.9999991E+001
 5.8213323E+002, 9.9999992E+001, 1.0000002E+002, 1.0000006E+002, 9.9999997E+001, 9.9999991E+001
 5.8305506E+002, 9.9999992E+001, 1.0000002E+002, 1.0000006E+002, 9.9999997E+001, 9.9999991E+001
 5.8443780E+002, 9.9999992E+001, 1.0000002E+002, 1.0000006E+002, 9.9999997E+001, 9.9999991E+001
 5.8535963E+002, 9.9999992E+001, 1.0000002E+002, 1.0000006E+002, 9.9999997E+001, 9.9999992E+001
 5.8628145E+002, 9.9999992E+001, 1.0000002E+002, 1.0000006E+002, 9.9999997E+001, 9.9999992E+001
 5.8720328E+002, 9.9999992E+001, 1.0000002E+002, 1.0000006E+002, 9.9999997E+001, 9.9999992E+001
 5.8812510E+002, 9.9999992E+001, 1.0000002E+002, 1.0000006E+002, 9.9999998E+001, 9.9999993E+001
 5.8904693E+002, 9.9999992E+001, 1.0000002E+002, 1.0000006E+002, 9.9999998E+001, 9.9999993E+001
 5.9042967E+002, 9.9999992E+001, 1.0000002E+002, 1.0000006E+002, 9.9999998E+001, 9.9999993E+001
 5.9135150E+002, 9.9999992E+001, 1.0000002E+002, 1.0000006E+002, 9.9999998E+001, 9.9999993E+001
 5.9227332E+002, 9.9999992E+001, 1.0000002E+002, 1.0000006E+002, 9.9999998E+001, 9.9999994E+001
 5.9319515E+002, 9.9999992E+001, 1.0000003E+002, 1.0000006E+002, 9.9999998E+001, 9.9999994E+001
 5.9411697E+002, 9.9999993E+001, 1.0000003E+002, 1.0000006E+002, 9.9999998E+001, 9.9999994E+001
 5.9503880E+002, 9.9999993E+001, 1.0000003E+002, 1.0000006E+002, 9.9999999E+001, 9.9999994E+001
 5.9642154E+002, 9.9999993E+001, 1.0000003E+002, 1.0000006E+002, 9.9999999E+001, 9.9999995E+001
 5.9734337E+002, 9.9999993E+001, 1.0000003E+002, 1.0000006E+002, 9.9999999E+001, 9.9999995E+001
 5.9826519E+002, 9.9999993E+001, 1.0000003E+002, 1.0000006E+002, 9.9999999E+001, 9.9999995E+001
 5.9918702E+002, 9.9999993E+001, 1.0000003E+002, 1.0000006E+002, 9.9999999E+001, 9.9999996E+001
 6.0010884E+002, 9.9999993E+001, 1.0000003E+002, 1.0000006E+002, 9.9999999E+001, 9.9999996E+001
 6.0103067E+002, 9.9999993E+001, 1.0000003E+002, 1.0000006E+002, 9.9999999E+001, 9.9999996E+001
 6.0241341E+002, 9.9999993E+001, 1.0000003E+002, 1.0000006E+002, 9.9999999E+001, 9.9999996E+001
 6.0333524E+002, 9.9999993E+001, 1.0000003E+002, 1.0000006E+002, 1.0000000E+002, 9.9999997E+001
 6.0425706E+002, 9.9999993E+001, 1.0000003E+002, 1.0000006E+002, 1.0000000E+002, 9.9999997E+001
 6.0517889E+002, 9.9999993E+001, 1.0000003E+002, 1.0000006E+002, 1.0000000E+002, 9.9999997E+001
 6.0610072E+002, 9.9999993E+001, 1.0000003E+002, 1.0000006E+002, 1.0000000E+002, 9.9999997E+001
 6.0702254E+002, 9.9999993E+001, 1.0000003E+002, 1.0000006E+002, 1.0000000E+002, 9.9999998E+001
 6.0840528E+002, 9.9999993E+001, 1.0000003E+002, 1.0000006E+002, 1.0000000E+002, 9.9999998E+001
 6.0932711E+002, 9.9999993E+001, 1.0000003E+002, 1.0000006E+002, 1.0000000E+002, 9.9999998E+001
 6.1024893E+002, 9.9999993E+001, 1.0000003E+002, 1.0000006E+002, 1.0000000E+002, 9.9999998E+001
 6.1117076E+002, 9.9999993E+001, 1.0000003E+002, 1.0000006E+002, 1.0000000E+002, 9.9999999E+001
 6.1209259E+002, 9.9999993E+001, 1.0000004E+002, 1.0000006E+002, 1.0000000E+002, 9.9999999E+001
 6.1301441E+002, 9.9999993E+001, 1.0000004E+002, 1.0000006E+002, 1.0000000E+002, 9.9999999E+001
 6.1439715E+002, 9.9999993E+001, 1.0000004E+002, 1.0000006E+002, 1.0000000E+002, 9.9999999E+001
 6.1531898E+002, 9.9999993E+001, 1.0000004E+002, 1.0000006E+002, 1.0000000E+002, 1.0000000E+002
 6.1624080E+002, 9.9999993E+001, 1.0000004E+002, 1.0000006E+002, 1.0000000E+002, 1.0000000E+002
 6.1716263E+002, 9.9999993E+001, 1.0000004E+002, 1.0000006E+002, 1.0000000E+002, 1.0000000E+002
 6.1808446E+002, 9.9999993E+001, 1.0000004E+002, 1.0000006E+002, 1.0000000E+002, 1.0000000E+002
 6.1900628E+002, 9.9999993E+001, 1.0000004E+002, 1.0000006E+002, 1.0000000E+002, 1.0000000E+002
 6.2038902E+002, 9.9999993E+001, 1.0000004E+002, 1.0000006E+002, 1.0000000E+002, 1.0000000E+002
 6.2131085E+002, 9.9999993E+001, 1.0000004E+002, 1.0000006E+002, 1.0000000E+002, 1.0000000E+002
 6.2223267E+002, 9.9999993E+001, 1.0000004E+002, 1.0000006E+002, 1.0000000E+002, 1.0000000E+002
 6.2315450E+002, 9.9999993E+001, 1.0000004E+002, 1.0000006E+002, 1.0000000E+002, 1.0000000E+002
 6.2407633E+002, 9.9999993E+001, 1.0000004E+002, 1.0000006E+002, 1.0000000E+002, 1.0000000E+002
 6.2545906E+002, 9.9999993E+001, 1.0000004E+002, 1.0000005E+002, 1.0000000E+002, 1.0000000E+002
 6.2638089E+002, 9.9999993E+001, 1.0000004E+002, 1.0000005E+002, 1.0000000E+002, 1.0000000E+002
 6.2730272E+002, 9.9999993E+001, 1.0000004E+002, 1.0000005E+002, 1.0000000E+002, 1.0000000E+002
 6.2822454E+002, 9.9999993E+001, 1.0000004E+002, 1.0000005E+002, 1.0000000E+002, 1.0000000E+002
 6.2914637E+002, 9.9999993E+001, 1.0000004E+002, 1.0000005E+002, 1.0000000E+002, 1.0000000E+002
 6.3006820E+002, 9.9999993E+001, 1.0000004E+002, 1.0000005E+002, 1.0000000E+002, 1.0000000E+002
 6.3145094E+002, 9.9999993E+001, 1.0000004E+002, 1.0000005E+002, 1.0000000E+002, 1.0000000E+002
 6.3237276E+002, 9.9999993E+001, 1.0000004E+002, 1.0000005E+002, 1.0000000E+002, 1.0000000E+002
 6.3329459E+002, 9.9999993E+001, 1.0000005E+002, 1.0000005E+002, 1.0000000E+002, 1.0000000E+002
 6.3421641E+002, 9.9999993E+001, 1.0000005E+002, 1.0000005E+002, 1.0000000E+002, 1.0000000E+002
 6.3513824E+002, 9.9999993E+001, 1.0000005E+002, 1.0000005E+002, 1.0000000E+002, 1.0000000E+002
 6.3606007E+002, 9.9999993E+001, 1.0000005E+002, 1.0000005E+002, 1.0000000E+002, 1.0000000E+002
 6.3744281E+002, 9.9999993E+001, 1.0000005E+002, 1.0000005E+002, 1.0000000E+002, 1.0000000E+002
 6.3836463E+002, 9.9999993E+001, 1.0000005E+002, 1.0000005E+002, 1.0000000E+002, 1.0000000E+002
 6.3928646E+002, 9.9999993E+001, 1.0000005E+002, 1.0000005E+002, 1.0000000E+002, 1.0000001E+002
 6.4020828E+002, 9.9999993E+001, 1.0000005E+002, 1.0000005E+002, 1.0000000E+002, 1.0000001E+002
 6.4113011E+002, 9.9999993E+001, 1.0000005E+002, 1.0000005E+002, 1.0000000E+002, 1.0000001E+002
 6.4205194E+002, 9.9999993E+001, 1.0000005E+002, 1.0000005E+002, 1.0000000E+002, 1.0000001E+002
 6.4343468E+002, 9.9999993E+001, 1.0000005E+002, 1.0000005E+002, 1.0000000E+002, 1.0000001E+002
 6.4435650E+002, 9.9999993E+001, 1.0000005E+002, 1.0000005E+002, 1.0000000E+002, 1.0000001E+002
 6.4527833E+002, 9.9999993E+001, 1.0000005E+002, 1.0000005E+002, 1.0000000E+002, 1.0000001E+002
 6.4620015E+002, 9.9999993E+001, 1.0000005E+002, 1.0000005E+002, 1.0000000E+002, 1.0000001E+002
 6.4712198E+002, 9.9999993E+001, 1.0000005E+002, 1.0000005E+002, 1.0000000E+002, 1.0000001E+002
 6.4804381E+002, 9.9999993E+001, 1.0000005E+002, 1.0000005E+002, 1.0000000E+002, 1.0000001E+002
 6.4942655E+002, 9.9999993E+001, 1.0000005E+002, 1.0000005E+002, 1.0000000E+002, 1.0000001E+002
 6.5034837E+002, 9.9999993E+001, 1.0000005E+002, 1.0000005E+002, 1.0000000E+002, 1.0000001E+002
 6.5127020E+002, 9.9999993E+001, 1.0000005E+002, 1.0000005E+002, 1.0000000E+002, 1.0000001E+002
 6.5219202E+002, 9.9999993E+001, 1.0000005E+002, 1.0000005E+002, 1.0000000E+002, 1.0000001E+002
 6.5311385E+002, 9.9999993E+001, 1.0000005E+002, 1.0000005E+002, 1.0000000E+002, 1.0000001E+002
 6.5403568E+002, 9.9999993E+001, 1.0000005E+002, 1.0000005E+002, 1.0000000E+002, 1.0000001E+002
 6.5541842E+002, 9.9999993E+001, 1.0000005E+002, 1.0000005E+002, 1.0000000E+002, 1.0000001E+002
 6.5634024E+002, 9.9999993E+001, 1.0000006E+002, 1.0000005E+002, 1.0000000E+002, 1.0000001E+002
 6.5726207E+002, 9.9999993E+001, 1.0000006E+002, 1.0000005E+002, 1.0000000E+002, 1.0000001E+002
 6.5818389E+002, 9.9999993E+001, 1.0000006E+002, 1.0000005E+002, 1.0000000E+002, 1.0000001E+002
 6.5910572E+002, 9.9999993E+001, 1.0000006E+002, 1.0000005E+002, 1.0000001E+002, 1.0000001E+002
 6.6002755E+002, 9.9999994E+001, 1.0000006E+002, 1.0000005E+002, 1.0000001E+002, 1.0000001E+002
 6.6141029E+002, 9.9999994E+001, 1.0000006E+002, 1.0000005E+002, 1.0000001E+002, 1.0000001E+002
 6.6233211E+002, 9.9999994E+001, 1.0000006E+002, 1.0000005E+002, 1.0000001E+002, 1.0000001E+002
 6.6325394E+002, 9.9999994E+001, 1.0000006E+002, 1.0000005E+002, 1.0000001E+002, 1.0000001E+002
 6.6417576E+002, 9.9999994E+001, 1.0000006E+002, 1.0000005E+002, 1.0000001E+002, 1.0000001E+002
 6.6509759E+002, 9.9999994E+001, 1.0000006E+002, 1.0000005E+002, 1.0000001E+002, 1.0000001E+002
 6.6601942E+002, 9.9999994E+001, 1.0000006E+002, 1.0000005E+002, 1.0000001E+002, 1.0000001E+002
 6.6740216E+002, 9.9999994E+001, 1.0000006E+002, 1.0000005E+002, 1.0000001E+002, 1.0000001E+002
 6.6832398E+002, 9.9999994E+001, 1.0000006E+002, 1.0000005E+002, 1.0000001E+002, 1.0000001E+002
 6.6924581E+002, 9.9999994E+001, 1.0000006E+002, 1.0000005E+002, 1.0000001E+002, 1.0000001E+002
 6.7016763E+002, 9.9999994E+001, 1.0000006E+002, 1.0000005E+002, 1.0000001E+002, 1.0000001E+002
 6.7108946E+002, 9.9999994E+001, 1.0000006E+002, 1.0000005E+002, 1.0000001E+002, 1.0000001E+002
 6.7201129E+002, 9.9999994E+001, 1.0000006E+002, 1.0000005E+002, 1.0000001E+002, 1.0000001E+002
 6.7339403E+002, 9.9999994E+001, 1.0000006E+002, 1.0000005E+002, 1.0000001E+002, 1.0000001E+002
 6.7431585E+002, 9.9999994E+001, 1.0000006E+002, 1.0000005E+002, 1.0000001E+002, 1.0000001E+002
 6.7523768E+002, 9.9999994E+001, 1.0000006E+002, 1.0000005E+002, 1.0000001E+002, 1.0000001E+002
 6.7615950E+002, 9.9999994E+001, 1.0000006E+002, 1.0000005E+002, 1.0000001E+002, 1.0000001E+002
 6.7708133E+002, 9.9999994E+001, 1.0000006E+002, 1.0000005E+002, 1.0000001E+002, 1.0000001E+002
 6.7800316E+002, 9.9999994E+001, 1.0000006E+002, 1.0000005E+002, 1.0000001E+002, 1.0000001E+002
 6.7938590E+002, 9.9999994E+001, 1.0000006E+002, 1.0000005E+002, 1.0000001E+002, 1.0000001E+002
 6.8030772E+002, 9.9999994E+001, 1.0000006E+002, 1.0000005E+002, 1.0000001E+002, 1.0000001E+002
 6.8122955E+002, 9.9999994E+001, 1.0000006E+002, 1.0000005E+002, 1.0000001E+002, 1.0000001E+002
 6.8215138E+002, 9.9999994E+001, 1.0000006E+002, 1.0000005E+002, 1.0000001E+002, 1.0000001E+002
 6.8307320E+002, 9.9999994E+001, 1.0000006E+002, 1.0000005E+002, 1.0000001E+002, 1.0000001E+002
 6.8445594E+002, 9.9999994E+001, 1.0000007E+002, 1.0000005E+002, 1.0000001E+002, 1.0000001E+002
 6.8537777E+002, 9.9999994E+001, 1.0000007E+002, 1.0000005E+002, 1.0000001E+002, 1.0000001E+002
 6.8629959E+002, 9.9999994E+001, 1.0000007E+002, 1.0000005E+002, 1.0000001E+002, 1.0000001E+002
 6.8722142E+002, 9.9999994E+001, 1.0000007E+002, 1.0000005E+002, 1.0000001E+002, 1.0000001E+002
 6.8814325E+002, 9.9999994E+001, 1.0000007E+002, 1.0000005E+002, 1.0000001E+002, 1.0000001E+002
 6.8906507E+002, 9.9999994E+001, 1.0000007E+002, 1.0000005E+002, 1.0000001E+002, 1.0000001E+002
 6.9044781E+002, 9.9999994E+001, 1.0000007E+002, 1.0000005E+002, 1.0000001E+002, 1.0000001E+002
 6.9136964E+002, 9.9999994E+001, 1.0000007E+002, 1.0000005E+002, 1.0000001E+002, 1.0000001E+002
 6.9229146E+002, 9.9999994E+001, 1.0000007E+002, 1.0000005E+002, 1.0000001E+002, 1.0000001E+002
 6.9321329E+002, 9.9999994E+001, 1.0000007E+002, 1.0000005E+002, 1.0000001E+002, 1.0000001E+002
 6.9413512E+002, 9.9999994E+001, 1.0000007E+002, 1.0000005E+002, 1.0000001E+002, 1.0000001E+002
 6.9505694E+002, 9.9999994E+001, 1.0000007E+002, 1.0000005E+002, 1.0000001E+002, 1.0000002E+002
 6.9643968E+002, 9.9999994E+001, 1.0000007E+002, 1.0000005E+002, 1.0000001E+002, 1.0000002E+002
 6.9736151E+002, 9.9999994E+001, 1.0000007E+002, 1.0000005E+002, 1.0000001E+002, 1.0000002E+002
 6.9828333E+002, 9.9999994E+001, 1.0000007E+002, 1.0000005E+002, 1.0000001E+002, 1.0000002E+002
 6.9920516E+002, 9.9999994E+001, 1.0000007E+002, 1.0000005E+002, 1.0000001E+002, 1.0000002E+002
 7.0012699E+002, 9.9999994E+001, 1.0000007E+002, 1.0000005E+002, 1.0000001E+002, 1.0000002E+002
 7.0104881E+002, 9.9999994E+001, 1.0000007E+002, 1.0000005E+002, 1.0000001E+002, 1.0000002E+002
 7.0243155E+002, 9.9999994E+001, 1.0000007E+002, 1.0000005E+002, 1.0000001E+002, 1.0000002E+002
 7.0335338E+002, 9.9999994E+001, 1.0000007E+002, 1.0000005E+002, 1.0000001E+002, 1.0000002E+002
 7.0427520E+002, 9.9999994E+001, 1.0000007E+002, 1.0000005E+002, 1.0000001E+002, 1.0000002E+002
 7.0519703E+002, 9.9999994E+001, 1.0000007E+002, 1.0000005E+002, 1.0000001E+002, 1.0000002E+002
 7.0611886E+002, 9.9999994E+001, 1.0000007E+002, 1.0000005E+002, 1.0000001E+002, 1.0000002E+002
 7.0704068E+002, 9.9999994E+001, 1.0000007E+002, 1.0000005E+002, 1.0000001E+002, 1.0000002E+002
 7.0842342E+002, 9.9999994E+001, 1.0000007E+002, 1.0000005E+002, 1.0000001E+002, 1.0000002E+002
 7.0934525E+002, 9.9999994E+001, 1.0000007E+002, 1.0000005E+002, 1.0000001E+002, 1.0000002E+002
 7.1026707E+002, 9.9999994E+001, 1.0000007E+002, 1.0000005E+002, 1.0000001E+002, 1.0000002E+002
 7.1118890E+002, 9.9999994E+001, 1.0000007E+002, 1.0000005E+002, 1.0000001E+002, 1.0000002E+002
 7.1211073E+002, 9.9999994E+001, 1.0000007E+002, 1.0000005E+002, 1.0000001E+002, 1.0000002E+002
 7.1303255E+002, 9.9999994E+001, 1.0000007E+002, 1.0000005E+002, 1.0000001E+002, 1.0000002E+002
 7.1441529E+002, 9.9999994E+001, 1.0000007E+002, 1.0000005E+002, 1.0000001E+002, 1.0000002E+002
 7.1533712E+002, 9.9999994E+001, 1.0000007E+002, 1.0000005E+002, 1.0000001E+002, 1.0000002E+002
 7.1625894E+002, 9.9999994E+001, 1.0000008E+002, 1.0000005E+002, 1.0000001E+002, 1.0000002E+002
 7.1718077E+002, 9.9999994E+001, 1.0000008E+002, 1.0000005E+002, 1.0000001E+002, 1.0000002E+002
 7.1810260E+002, 9.9999994E+001, 1.0000008E+002, 1.0000005E+002, 1.0000001E+002, 1.0000002E+002
 7.1902442E+002, 9.9999994E+001, 1.0000008E+002, 1.0000005E+002, 1.0000001E+002, 1.0000002E+002
 7.2040716E+002, 9.9999994E+001, 1.0000008E+002, 1.0000005E+002, 1.0000001E+002, 1.0000002E+002
 7.2132899E+002, 9.9999994E+001, 1.0000008E+002, 1.0000005E+002, 1.0000001E+002, 1.0000002E+002
 7.2225081E+002, 9.9999994E+001, 1.0000008E+002, 1.0000005E+002, 1.0000001E+002, 1.0000002E+002
 7.2317264E+002, 9.9999994E+001, 1.0000008E+002, 1.0000005E+002, 1.0000001E+002, 1.0000002E+002
 7.2409447E+002, 9.9999994E+001, 1.0000008E+002, 1.0000005E+002, 1.0000001E+002, 1.0000002E+002
 7.2501629E+002, 9.9999994E+001, 1.0000008E+002, 1.0000005E+002, 1.0000001E+002, 1.0000002E+002
 7.2639903E+002, 9.9999994E+001, 1.0000008E+002, 1.0000005E+002, 1.0000001E+002, 1.0000002E+002
 7.2732086E+002, 9.9999994E+001, 1.0000008E+002, 1.0000005E+002, 1.0000001E+002, 1.0000002E+002
 7.2824268E+002, 9.9999994E+001, 1.0000008E+002, 1.0000005E+002, 1.0000001E+002, 1.0000002E+002
 7.2916451E+002, 9.9999994E+001, 1.0000008E+002, 1.0000005E+002, 1.0000001E+002, 1.0000002E+002
 7.3008634E+002, 9.9999994E+001, 1.0000008E+002, 1.0000005E+002, 1.0000001E+002, 1.0000002E+002
 7.3100816E+002, 9.9999994E+001, 1.0000008E+002, 1.0000005E+002, 1.0000001E+002, 1.0000002E+002
 7.3239090E+002, 9.9999994E+001, 1.0000008E+002, 1.0000005E+002, 1.0000001E+002, 1.0000002E+002
 7.3331273E+002, 9.9999994E+001, 1.0000008E+002, 1.0000005E+002, 1.0000001E+002, 1.0000002E+002
 7.3423455E+002, 9.9999994E+001, 1.0000008E+002, 1.0000004E+002, 1.0000001E+002, 1.0000002E+002
 7.3515638E+002, 9.9999994E+001, 1.0000008E+002, 1.0000004E+002, 1.0000001E+002, 1.0000002E+002
 7.3607821E+002, 9.9999994E+001, 1.0000008E+002, 1.0000004E+002, 1.0000001E+002, 1.0000002E+002
 7.3700003E+002, 9.9999994E+001, 1.0000008E+002, 1.0000004E+002, 1.0000001E+002, 1.0000002E+002
 7.3838277E+002, 9.9999994E+001, 1.0000008E+002, 1.0000004E+002, 1.0000001E+002, 1.0000002E+002
 7.3930460E+002, 9.9999994E+001, 1.0000008E+002, 1.0000004E+002, 1.0000001E+002, 1.0000002E+002
 7.4022642E+002, 9.9999994E+001, 1.0000008E+002, 1.0000004E+002, 1.0000001E+002, 1.0000002E+002
 7.4114825E+002, 9.9999994E+001, 1.0000008E+002, 1.0000004E+002, 1.0000001E+002, 1.0000002E+002
 7.4207008E+002, 9.9999994E+001, 1.0000008E+002, 1.0000004E+002, 1.0000001E+002, 1.0000002E+002
 7.4345282E+002, 9.9999994E+001, 1.0000008E+002, 1.0000004E+002, 1.0000001E+002, 1.0000002E+002
 7.4437464E+002, 9.9999994E+001, 1.0000008E+002, 1.0000004E+002, 1.0000001E+002, 1.0000002E+002
 7.4529647E+002, 9.9999994E+001, 1.0000008E+002, 1.0000004E+002, 1.0000001E+002, 1.0000002E+002
 7.4621829E+002, 9.9999994E+001, 1.0000008E+002, 1.0000004E+002, 1.0000001E+002, 1.0000002E+002
 7.4714012E+002, 9.9999994E+001, 1.0000008E+002, 1.0000004E+002, 1.0000001E+002, 1.0000002E+002
 7.4806195E+002, 9.9999994E+001, 1.0000008E+002, 1.0000004E+002, 1.0000001E+002, 1.0000002E+002
 7.4944469E+002, 9.9999994E+001, 1.0000008E+002, 1.0000004E+002, 1.0000001E+002, 1.0000002E+002
 7.5036651E+002, 9.9999994E+001, 1.0000008E+002, 1.0000004E+002, 1.0000001E+002, 1.0000002E+002
 7.5128834E+002, 9.9999994E+001, 1.0000008E+002, 1.0000004E+002, 1.0000001E+002, 1.0000002E+002
 7.5221016E+002, 9.9999994E+001, 1.0000008E+002, 1.0000004E+002, 1.0000001E+002, 1.0000002E+002
 7.5313199E+002, 9.9999994E+001, 1.0000008E+002, 1.0000004E+002, 1.0000001E+002, 1.0000002E+002
 7.5405382E+002, 9.9999994E+001, 1.0000008E+002, 1.0000004E+002, 1.0000001E+002, 1.0000002E+002
 7.5543656E+002, 9.9999994E+001, 1.0000008E+002, 1.0000004E+002, 1.0000001E+002, 1.0000002E+002
 7.5635838E+002, 9.9999994E+001, 1.0000008E+002, 1.0000004E+002, 1.0000001E+002, 1.0000002E+002
 7.5728021E+002, 9.9999994E+001, 1.0000009E+002, 1.0000004E+002, 1.0000001E+002, 1.0000002E+002
 7.5820204E+002, 9.9999994E+001, 1.0000009E+002, 1.0000004E+002, 1.0000001E+002, 1.0000002E+002
 7.5912386E+002, 9.9999994E+001, 1.0000009E+002, 1.0000004E+002, 1.0000001E+002, 1.0000002E+002
 7.6004569E+002, 9.9999994E+001, 1.0000009E+002, 1.0000004E+002, 1.0000001E+002, 1.0000002E+002
 7.6142843E+002, 9.9999994E+001, 1.0000009E+002, 1.0000004E+002, 1.0000001E+002, 1.0000002E+002
 7.6235025E+002, 9.9999994E+001, 1.0000009E+002, 1.0000004E+002, 1.0000001E+002, 1.0000002E+002
 7.6327208E+002, 9.9999994E+001, 1.0000009E+002, 1.0000004E+002, 1.0000001E+002, 1.0000002E+002
 7.6419391E+002, 9.9999994E+001, 1.0000009E+002, 1.0000004E+002, 1.0000001E+002, 1.0000002E+002
 7.6511573E+002, 9.9999994E+001, 1.0000009E+002, 1.0000004E+002, 1.0000001E+002, 1.0000002E+002
 7.6603756E+002, 9.9999994E+001, 1.0000009E+002, 1.0000004E+002, 1.0000001E+002, 1.0000002E+002
 7.6742030E+002, 9.9999994E+001, 1.0000009E+002, 1.0000004E+002, 1.0000001E+002, 1.0000002E+002
 7.6834212E+002, 9.9999994E+001, 1.0000009E+002, 1.0000004E+002, 1.0000001E+002, 1.0000002E+002
 7.6926395E+002, 9.9999994E+001, 1.0000009E+002, 1.0000004E+002, 1.0000001E+002, 1.0000002E+002
 7.7018578E+002, 9.9999994E+001, 1.0000009E+002, 1.0000004E+002, 1.0000001E+002, 1.0000002E+002
 7.7110760E+002, 9.9999994E+001, 1.0000009E+002, 1.0000004E+002, 1.0000001E+002, 1.0000002E+002
 7.7202943E+002, 9.9999994E+001, 1.0000009E+002, 1.0000004E+002, 1.0000001E+002, 1.0000002E+002
 7.7341217E+002, 9.9999994E+001, 1.0000009E+002, 1.0000004E+002, 1.0000001E+002, 1.0000002E+002
 7.7433399E+002, 9.9999994E+001, 1.0000009E+002, 1.0000004E+002, 1.0000001E+002, 1.0000002E+002
 7.7525582E+002, 9.9999994E+001, 1.0000009E+002, 1.0000004E+002, 1.0000001E+002, 1.0000002E+002
 7.7617765E+002, 9.9999994E+001, 1.0000009E+002, 1.0000004E+002, 1.0000001E+002, 1.0000002E+002
 7.7709947E+002, 9.9999994E+001, 1.0000009E+002, 1.0000004E+002, 1.0000001E+002, 1.0000002E+002
 7.7802130E+002, 9.9999994E+001, 1.0000009E+002, 1.0000004E+002, 1.0000001E+002, 1.0000002E+002
 7.7940404E+002, 9.9999994E+001, 1.0000009E+002, 1.0000004E+002, 1.0000001E+002, 1.0000002E+002
 7.8032586E+002, 9.9999994E+001, 1.0000009E+002, 1.0000004E+002, 1.0000001E+002, 1.0000002E+002
 7.8124769E+002, 9.9999994E+001, 1.0000009E+002, 1.0000004E+002, 1.0000001E+002, 1.0000002E+002
 7.8216952E+002, 9.9999994E+001, 1.0000009E+002, 1.0000004E+002, 1.0000001E+002, 1.0000002E+002
 7.8309134E+002, 9.9999994E+001, 1.0000009E+002, 1.0000004E+002, 1.0000001E+002, 1.0000002E+002
 7.8401317E+002, 9.9999994E+001, 1.0000009E+002, 1.0000004E+002, 1.0000001E+002, 1.0000002E+002
 7.8539591E+002, 9.9999994E+001, 1.0000009E+002, 1.0000004E+002, 1.0000001E+002, 1.0000002E+002
 7.8631773E+002, 9.9999994E+001, 1.0000009E+002, 1.0000004E+002, 1.0000001E+002, 1.0000002E+002
 7.8723956E+002, 9.9999994E+001, 1.0000009E+002, 1.0000004E+002, 1.0000001E+002, 1.0000002E+002
 7.8816139E+002, 9.9999994E+001, 1.0000009E+002, 1.0000004E+002, 1.0000001E+002, 1.0000002E+002
 7.8908321E+002, 9.9999994E+001, 1.0000009E+002, 1.0000004E+002, 1.0000001E+002, 1.0000002E+002
 7.9000504E+002, 9.9999994E+001, 1.0000009E+002, 1.0000004E+002, 1.0000001E+002, 1.0000002E+002
 7.9138778E+002, 9.9999994E+001, 1.0000009E+002, 1.0000004E+002, 1.0000001E+002, 1.0000002E+002
 7.9230960E+002, 9.9999994E+001, 1.0000009E+002, 1.0000004E+002, 1.0000001E+002, 1.0000002E+002
 7.9323143E+002, 9.9999994E+001, 1.0000009E+002, 1.0000004E+002, 1.0000001E+002, 1.0000002E+002
 7.9415326E+002, 9.9999994E+001, 1.0000009E+002, 1.0000004E+002, 1.0000001E+002, 1.0000002E+002
 7.9507508E+002, 9.9999994E+001, 1.0000009E+002, 1.0000004E+002, 1.0000001E+002, 1.0000002E+002
 7.9645782E+002, 9.9999994E+001, 1.0000009E+002, 1.0000004E+002, 1.0000001E+002, 1.0000002E+002
 7.9737965E+002, 9.9999994E+001, 1.0000009E+002, 1.0000004E+002, 1.0000001E+002, 1.0000002E+002
 7.9830147E+002, 9.9999994E+001, 1.0000009E+002, 1.0000004E+002, 1.0000001E+002, 1.0000002E+002
 7.9922330E+002, 9.9999994E+001, 1.0000009E+002, 1.0000004E+002, 1.0000001E+002, 1.0000002E+002
 8.0014513E+002, 9.9999993E+001, 1.0000009E+002, 1.0000004E+002, 1.0000001E+002, 1.0000002E+002
 8.0106695E+002, 9.9999993E+001, 1.0000009E+002, 1.0000004E+002, 1.0000001E+002, 1.0000002E+002
 8.0244969E+002, 9.9999993E+001, 1.0000009E+002, 1.0000004E+002, 1.0000001E+002, 1.0000002E+002
 8.0337152E+002, 9.9999993E+001, 1.0000009E+002, 1.0000004E+002, 1.0000001E+002, 1.0000002E+002
 8.0429334E+002, 9.9999993E+001, 1.0000009E+002, 1.0000004E+002, 1.0000001E+002, 1.0000002E+002
 8.0521517E+002, 9.9999993E+001, 1.0000009E+002, 1.0000004E+002, 1.0000001E+002, 1.0000002E+002
 8.0613700E+002, 9.9999993E+001, 1.0000009E+002, 1.0000004E+002, 1.0000001E+002, 1.0000002E+002
 8.0705882E+002, 9.9999993E+001, 1.0000009E+002, 1.0000004E+002, 1.0000001E+002, 1.0000002E+002
 8.0844156E+002, 9.9999993E+001, 1.0000009E+002, 1.0000004E+002, 1.0000001E+002, 1.0000002E+002
 8.0936339E+002, 9.9999993E+001, 1.0000009E+002, 1.0000004E+002, 1.0000001E+002, 1.0000002E+002
 8.1028521E+002, 9.9999993E+001, 1.0000009E+002, 1.0000004E+002, 1.0000001E+002, 1.0000002E+002
 8.1120704E+002, 9.9999993E+001, 1.0000009E+002, 1.0000004E+002, 1.0000001E+002, 1.0000002E+002
 8.1212887E+002, 9.9999993E+001, 1.0000009E+002, 1.0000004E+002, 1.0000001E+002, 1.0000002E+002
 8.1305069E+002, 9.9999993E+001, 1.0000009E+002, 1.0000004E+002, 1.0000001E+002, 1.0000002E+002
 8.1443343E+002, 9.9999993E+001, 1.0000009E+002, 1.0000003E+002, 1.0000001E+002, 1.0000002E+002
 8.1535526E+002, 9.9999993E+001, 1.0000009E+002, 1.0000003E+002, 1.0000001E+002, 1.0000002E+002
 8.1627708E+002, 9.9999993E+001, 1.0000009E+002, 1.0000003E+002, 1.0000001E+002, 1.0000002E+002
 8.1719891E+002, 9.9999993E+001, 1.0000009E+002, 1.0000003E+002, 1.0000001E+002, 1.0000002E+002
 8.1812074E+002, 9.9999993E+001, 1.0000009E+002, 1.0000003E+002, 1.0000001E+002, 1.0000002E+002
 8.1904256E+002, 9.9999993E+001, 1.0000009E+002, 1.0000003E+002, 1.0000001E+002, 1.0000002E+002
 8.2042530E+002, 9.9999993E+001, 1.0000009E+002, 1.0000003E+002, 1.0000001E+002, 1.0000002E+002
 8.2134713E+002, 9.9999993E+001, 1.0000010E+002, 1.0000003E+002, 1.0000001E+002, 1.0000002E+002
 8.2226895E+002, 9.9999993E+001, 1.0000010E+002, 1.0000003E+002, 1.0000001E+002, 1.0000002E+002
 8.2319078E+002, 9.9999993E+001, 1.0000010E+002, 1.0000003E+002, 1.0000001E+002, 1.0000002E+002
 8.2411261E+002, 9.9999993E+001, 1.0000010E+002, 1.0000003E+002, 1.0000001E+002, 1.0000002E+002
 8.2503443E+002, 9.9999993E+001, 1.0000010E+002, 1.0000003E+002, 1.0000000E+002, 1.0000002E+002
 8.2641717E+002, 9.9999993E+001, 1.0000010E+002, 1.0000003E+002, 1.0000000E+002, 1.0000002E+002
 8.2733900E+002, 9.9999993E+001, 1.0000010E+002, 1.0000003E+002, 1.0000000E+002, 1.0000002E+002
 8.2826083E+002, 9.9999993E+001, 1.0000010E+002, 1.0000003E+002, 1.0000000E+002, 1.0000002E+002
 8.2918265E+002, 9.9999993E+001, 1.0000010E+002, 1.0000003E+002, 1.0000000E+002, 1.0000002E+002
 8.3010448E+002, 9.9999993E+001, 1.0000010E+002, 1.0000003E+002, 1.0000000E+002, 1.0000002E+002
 8.3102630E+002, 9.9999993E+001, 1.0000010E+002, 1.0000003E+002, 1.0000000E+002, 1.0000002E+002
 8.3240904E+002, 9.9999993E+001, 1.0000010E+002, 1.0000003E+002, 1.0000000E+002, 1.0000002E+002
 8.3333087E+002, 9.9999993E+001, 1.0000010E+002, 1.0000003E+002, 1.0000000E+002, 1.0000002E+002
 8.3425270E+002, 9.9999993E+001, 1.0000010E+002, 1.0000003E+002, 1.0000000E+002, 1.0000002E+002
 8.3517452E+002, 9.9999993E+001, 1.0000010E+002, 1.0000003E+002, 1.0000000E+002, 1.0000002E+002
 8.3609635E+002, 9.9999993E+001, 1.0000010E+002, 1.0000003E+002, 1.0000000E+002, 1.0000002E+002
 8.3701817E+002, 9.9999992E+001, 1.0000010E+002, 1.0000003E+002, 1.0000000E+002, 1.0000002E+002
 8.3840091E+002, 9.9999992E+001, 1.0000010E+002, 1.0000003E+002, 1.0000000E+002, 1.0000002E+002
 8.3932274E+002, 9.9999992E+001, 1.0000010E+002, 1.0000003E+002, 1.0000000E+002, 1.0000002E+002
 8.4024457E+002, 9.9999992E+001, 1.0000010E+002, 1.0000003E+002, 1.0000000E+002, 1.0000002E+002
 8.4116639E+002, 9.9999992E+001, 1.0000010E+002, 1.0000003E+002, 1.0000000E+002, 1.0000002E+002
 8.4208822E+002, 9.9999992E+001, 1.0000010E+002, 1.0000003E+002, 1.0000000E+002, 1.0000002E+002
 8.4301004E+002, 9.9999992E+001, 1.0000010E+002, 1.0000003E+002, 1.0000000E+002, 1.0000002E+002
 8.4439278E+002, 9.9999992E+001, 1.0000010E+002, 1.0000003E+002, 1.0000000E+002, 1.0000002E+002
 8.4531461E+002, 9.9999992E+001, 1.0000010E+002, 1.0000003E+002, 1.0000000E+002, 1.0000002E+002
 8.4623644E+002, 9.9999992E+001, 1.0000010E+002, 1.0000003E+002, 1.0000000E+002, 1.0000002E+002
 8.4715826E+002, 9.9999992E+001, 1.0000010E+002, 1.0000003E+002, 1.0000000E+002, 1.0000002E+002
 8.4808009E+002, 9.9999992E+001, 1.0000010E+002, 1.0000003E+002, 1.0000000E+002, 1.0000002E+002
 8.4900191E+002, 9.9999992E+001, 1.0000010E+002, 1.0000003E+002, 1.0000000E+002, 1.0000002E+002
 8.5038465E+002, 9.9999992E+001, 1.0000010E+002, 1.0000003E+002, 1.0000000E+002, 1.0000002E+002
 8.5130648E+002, 9.9999992E+001, 1.0000010E+002, 1.0000003E+002, 1.0000000E+002, 1.0000002E+002
 8.5222831E+002, 9.9999992E+001, 1.0000010E+002, 1.0000003E+002, 1.0000000E+002, 1.0000002E+002
 8.5315013E+002, 9.9999992E+001, 1.0000010E+002, 1.0000003E+002, 1.0000000E+002, 1.0000002E+002
 8.5407196E+002, 9.9999992E+001, 1.0000010E+002, 1.0000003E+002, 1.0000000E+002, 1.0000002E+002
 8.5545470E+002, 9.9999992E+001, 1.0000010E+002, 1.0000003E+002, 1.0000000E+002, 1.0000002E+002
 8.5637652E+002, 9.9999992E+001, 1.0000010E+002, 1.0000003E+002, 1.0000000E+002, 1.0000002E+002
 8.5729835E+002, 9.9999992E+001, 1.0000010E+002, 1.0000003E+002, 1.0000000E+002, 1.0000002E+002
 8.5822018E+002, 9.9999992E+001, 1.0000010E+002, 1.0000003E+002, 1.0000000E+002, 1.0000002E+002
 8.5914200E+002, 9.9999992E+001, 1.0000010E+002, 1.0000003E+002, 1.0000000E+002, 1.0000002E+002
 8.6006383E+002, 9.9999992E+001, 1.0000010E+002, 1.0000003E+002, 1.0000000E+002, 1.0000002E+002
 8.6144657E+002, 9.9999992E+001, 1.0000010E+002, 1.0000003E+002, 1.0000000E+002, 1.0000002E+002
 8.6236839E+002, 9.9999992E+001, 1.0000010E+002, 1.0000003E+002, 1.0000000E+002, 1.0000002E+002
 8.6329022E+002, 9.9999992E+001, 1.0000010E+002, 1.0000003E+002, 1.0000000E+002, 1.0000002E+002
 8.6421205E+002, 9.9999991E+001, 1.0000010E+002, 1.0000003E+002, 1.0000000E+002, 1.0000002E+002
 8.6513387E+002, 9.9999991E+001, 1.0000010E+002, 1.0000003E+002, 1.0000000E+002, 1.0000002E+002
 8.6605570E+002, 9.9999991E+001, 1.0000010E+002, 1.0000003E+002, 1.0000000E+002, 1.0000002E+002
 8.6743844E+002, 9.9999991E+001, 1.0000010E+002, 1.0000003E+002, 1.0000000E+002, 1.0000002E+002
 8.6836026E+002, 9.9999991E+001, 1.0000010E+002, 1.0000003E+002, 1.0000000E+002, 1.0000002E+002
 8.6928209E+002, 9.9999991E+001, 1.0000010E+002, 1.0000003E+002, 1.0000000E+002, 1.0000002E+002
 8.7020392E+002, 9.9999991E+001, 1.0000010E+002, 1.0000003E+002, 1.0000000E+002, 1.0000002E+002
 8.7112574E+002, 9.9999991E+001, 1.0000010E+002, 1.0000003E+002, 1.0000000E+002, 1.0000002E+002
 8.7204757E+002, 9.9999991E+001, 1.0000010E+002, 1.0000003E+002, 1.0000000E+002, 1.0000002E+002
 8.7343031E+002, 9.9999991E+001, 1.0000010E+002, 1.0000003E+002, 1.0000000E+002, 1.0000002E+002
 8.7435213E+002, 9.9999991E+001, 1.0000010E+002, 1.0000003E+002, 1.0000000E+002, 1.0000002E+002
 8.7527396E+002, 9.9999991E+001, 1.0000010E+002, 1.0000003E+002, 1.0000000E+002, 1.0000002E+002
 8.7619579E+002, 9.9999991E+001, 1.0000010E+002, 1.0000003E+002, 1.0000000E+002, 1.0000002E+002
 8.7711761E+002, 9.9999991E+001, 1.0000010E+002, 1.0000003E+002, 1.0000000E+002, 1.0000002E+002
 8.7803944E+002, 9.9999991E+001, 1.0000010E+002, 1.0000003E+002, 1.0000000E+002, 1.0000002E+002
 8.7942218E+002, 9.9999991E+001, 1.0000010E+002, 1.0000003E+002, 1.0000000E+002, 1.0000002E+002
 8.8034400E+002, 9.9999991E+001, 1.0000010E+002, 1.0000003E+002, 1.0000000E+002, 1.0000002E+002
 8.8126583E+002, 9.9999991E+001, 1.0000010E+002, 1.0000003E+002, 1.0000000E+002, 1.0000002E+002
 8.8218766E+002, 9.9999991E+001, 1.0000010E+002, 1.0000003E+002, 1.0000000E+002, 1.0000002E+002
 8.8310948E+002, 9.9999991E+001, 1.0000010E+002, 1.0000003E+002, 1.0000000E+002, 1.0000002E+002
 8.8403131E+002, 9.9999991E+001, 1.0000010E+002, 1.0000003E+002, 1.0000000E+002, 1.0000002E+002
 8.8541405E+002, 9.9999991E+001, 1.0000010E+002, 1.0000003E+002, 1.0000000E+002, 1.0000002E+002
 8.8633587E+002, 9.9999990E+001, 1.0000010E+002, 1.0000002E+002, 1.0000000E+002, 1.0000002E+002
 8.8725770E+002, 9.9999990E+001, 1.0000010E+002, 1.0000002E+002, 1.0000000E+002, 1.0000002E+002
 8.8817953E+002, 9.9999990E+001, 1.0000010E+002, 1.0000002E+002, 1.0000000E+002, 1.0000002E+002
 8.8910135E+002, 9.9999990E+001, 1.0000010E+002, 1.0000002E+002, 1.0000000E+002, 1.0000002E+002
 8.9002318E+002, 9.9999990E+001, 1.0000010E+002, 1.0000002E+002, 1.0000000E+002, 1.0000002E+002
 8.9140592E+002, 9.9999990E+001, 1.0000010E+002, 1.0000002E+002, 1.0000000E+002, 1.0000002E+002
 8.9232774E+002, 9.9999990E+001, 1.0000010E+002, 1.0000002E+002, 1.0000000E+002, 1.0000002E+002
 8.9324957E+002, 9.9999990E+001, 1.0000010E+002, 1.0000002E+002, 1.0000000E+002, 1.0000002E+002
 8.9417140E+002, 9.9999990E+001, 1.0000010E+002, 1.0000002E+002, 1.0000000E+002, 1.0000002E+002
 8.9509322E+002, 9.9999990E+001, 1.0000010E+002, 1.0000002E+002, 1.0000000E+002, 1.0000002E+002
 8.9601505E+002, 9.9999990E+001, 1.0000010E+002, 1.0000002E+002, 1.0000000E+002, 1.0000002E+002
 8.9739779E+002, 9.9999990E+001, 1.0000010E+002, 1.0000002E+002, 1.0000000E+002, 1.0000002E+002
 8.9831961E+002, 9.9999990E+001, 1.0000010E+002, 1.0000002E+002, 1.0000000E+002, 1.0000002E+002
 8.9924144E+002, 9.9999990E+001, 1.0000010E+002, 1.0000002E+002, 1.0000000E+002, 1.0000002E+002
 9.0016327E+002, 9.9999990E+001, 1.0000010E+002, 1.0000002E+002, 1.0000000E+002, 1.0000002E+002
 9.0108509E+002, 9.9999990E+001, 1.0000010E+002, 1.0000002E+002, 1.0000000E+002, 1.0000002E+002
 9.0200692E+002, 9.9999990E+001, 1.0000010E+002, 1.0000002E+002, 1.0000000E+002, 1.0000002E+002
 9.0338966E+002, 9.9999990E+001, 1.0000010E+002, 1.0000002E+002, 1.0000000E+002, 1.0000002E+002
 9.0431149E+002, 9.9999990E+001, 1.0000010E+002, 1.0000002E+002, 1.0000000E+002, 1.0000002E+002
 9.0523331E+002, 9.9999989E+001, 1.0000010E+002, 1.0000002E+002, 9.9999999E+001, 1.0000002E+002
 9.0615514E+002, 9.9999989E+001, 1.0000010E+002, 1.0000002E+002, 9.9999999E+001, 1.0000002E+002
 9.0707696E+002, 9.9999989E+001, 1.0000010E+002, 1.0000002E+002, 9.9999999E+001, 1.0000002E+002
 9.0845970E+002, 9.9999989E+001, 1.0000010E+002, 1.0000002E+002, 9.9999999E+001, 1.0000002E+002
 9.0938153E+002, 9.9999989E+001, 1.0000010E+002, 1.0000002E+002, 9.9999999E+001, 1.0000002E+002
 9.1030336E+002, 9.9999989E+001, 1.0000010E+002, 1.0000002E+002, 9.9999999E+001, 1.0000002E+002
 9.1122518E+002, 9.9999989E+001, 1.0000010E+002, 1.0000002E+002, 9.9999999E+001, 1.0000002E+002
 9.1214701E+002, 9.9999989E+001, 1.0000010E+002, 1.0000002E+002, 9.9999999E+001, 1.0000002E+002
 9.1306883E+002, 9.9999989E+001, 1.0000010E+002, 1.0000002E+002, 9.9999999E+001, 1.0000002E+002
 9.1445157E+002, 9.9999989E+001, 1.0000010E+002, 1.0000002E+002, 9.9999999E+001, 1.0000002E+002
 9.1537340E+002, 9.9999989E+001, 1.0000010E+002, 1.0000002E+002, 9.9999999E+001, 1.0000002E+002
 9.1629523E+002, 9.9999989E+001, 1.0000010E+002, 1.0000002E+002, 9.9999999E+001, 1.0000002E+002
 9.1721705E+002, 9.9999989E+001, 1.0000010E+002, 1.0000002E+002, 9.9999999E+001, 1.0000002E+002
 9.1813888E+002, 9.9999989E+001, 1.0000010E+002, 1.0000002E+002, 9.9999998E+001, 1.0000002E+002
 9.1906070E+002, 9.9999989E+001, 1.0000010E+002, 1.0000002E+002, 9.9999998E+001, 1.0000002E+002
 9.2044344E+002, 9.9999989E+001, 1.0000010E+002, 1.0000002E+002, 9.9999998E+001, 1.0000002E+002
 9.2136527E+002, 9.9999988E+001, 1.0000010E+002, 1.0000002E+002, 9.9999998E+001, 1.0000002E+002
 9.2228710E+002, 9.9999988E+001, 1.0000010E+002, 1.0000002E+002, 9.9999998E+001, 1.0000002E+002
 9.2320892E+002, 9.9999988E+001, 1.0000010E+002, 1.0000002E+002, 9.9999998E+001, 1.0000002E+002
 9.2413075E+002, 9.9999988E+001, 1.0000010E+002, 1.0000002E+002, 9.9999998E+001, 1.0000002E+002
 9.2505257E+002, 9.9999988E+001, 1.0000010E+002, 1.0000002E+002, 9.9999998E+001, 1.0000002E+002
 9.2643531E+002, 9.9999988E+001, 1.0000010E+002, 1.0000002E+002, 9.9999998E+001, 1.0000002E+002
 9.2735714E+002, 9.9999988E+001, 1.0000010E+002, 1.0000002E+002, 9.9999998E+001, 1.0000002E+002
 9.2827897E+002, 9.9999988E+001, 1.0000010E+002, 1.0000002E+002, 9.9999998E+001, 1.0000002E+002
 9.2920079E+002, 9.9999988E+001, 1.0000010E+002, 1.0000002E+002, 9.9999998E+001, 1.0000002E+002
 9.3012262E+002, 9.9999988E+001, 1.0000010E+002, 1.0000002E+002, 9.9999998E+001, 1.0000002E+002
 9.3104444E+002, 9.9999988E+001, 1.0000010E+002, 1.0000002E+002, 9.9999997E+001, 1.0000002E+002
 9.3242718E+002, 9.9999988E+001, 1.0000010E+002, 1.0000002E+002, 9.9999997E+001, 1.0000002E+002
 9.3334901E+002, 9.9999988E+001, 1.0000010E+002, 1.0000002E+002, 9.9999997E+001, 1.0000002E+002
 9.3427084E+002, 9.9999988E+001, 1.0000010E+002, 1.0000002E+002, 9.9999997E+001, 1.0000002E+002
 9.3519266E+002, 9.9999988E+001, 1.0000010E+002, 1.0000002E+002, 9.9999997E+001, 1.0000002E+002
 9.3611449E+002, 9.9999988E+001, 1.0000010E+002, 1.0000002E+002, 9.9999997E+001, 1.0000002E+002
 9.3703631E+002, 9.9999988E+001, 1.0000010E+002, 1.0000002E+002, 9.9999997E+001, 1.0000002E+002
 9.3841905E+002, 9.9999987E+001, 1.0000010E+002, 1.0000002E+002, 9.9999997E+001, 1.0000002E+002
 9.3934088E+002, 9.9999987E+001, 1.0000010E+002, 1.0000002E+002, 9.9999997E+001, 1.0000002E+002
 9.4026271E+002, 9.9999987E+001, 1.0000010E+002, 1.0000002E+002, 9.9999997E+001, 1.0000002E+002
 9.4118453E+002, 9.9999987E+001, 1.0000010E+002, 1.0000002E+002, 9.9999997E+001, 1.0000002E+002
 9.4210636E+002, 9.9999987E+001, 1.0000010E+002, 1.0000002E+002, 9.9999997E+001, 1.0000002E+002
 9.4302818E+002, 9.9999987E+001, 1.0000010E+002, 1.0000002E+002, 9.9999997E+001, 1.0000002E+002
 9.4441092E+002, 9.9999987E+001, 1.0000010E+002, 1.0000002E+002, 9.9999996E+001, 1.0000002E+002
 9.4533275E+002, 9.9999987E+001, 1.0000010E+002, 1.0000002E+002, 9.9999996E+001, 1.0000002E+002
 9.4625458E+002, 9.9999987E+001, 1.0000010E+002, 1.0000002E+002, 9.9999996E+001, 1.0000002E+002
 9.4717640E+002, 9.9999987E+001, 1.0000010E+002, 1.0000002E+002, 9.9999996E+001, 1.0000002E+002
 9.4809823E+002, 9.9999987E+001, 1.0000010E+002, 1.0000002E+002, 9.9999996E+001, 1.0000002E+002
 9.4902005E+002, 9.9999987E+001, 1.0000010E+002, 1.0000002E+002, 9.9999996E+001, 1.0000002E+002
 9.5040279E+002, 9.9999987E+001, 1.0000010E+002, 1.0000002E+002, 9.9999996E+001, 1.0000002E+002
 9.5132462E+002, 9.9999987E+001, 1.0000010E+002, 1.0000002E+002, 9.9999996E+001, 1.0000002E+002
 9.5224645E+002, 9.9999987E+001, 1.0000010E+002, 1.0000002E+002, 9.9999996E+001, 1.0000002E+002
 9.5316827E+002, 9.9999986E+001, 1.0000010E+002, 1.0000002E+002, 9.9999996E+001, 1.0000002E+002
 9.5409010E+002, 9.9999986E+001, 1.0000010E+002, 1.0000002E+002, 9.9999996E+001, 1.0000002E+002
 9.5501193E+002, 9.9999986E+001, 1.0000010E+002, 1.0000002E+002, 9.9999996E+001, 1.0000002E+002
 9.5639466E+002, 9.9999986E+001, 1.0000010E+002, 1.0000002E+002, 9.9999995E+001, 1.0000002E+002
 9.5731649E+002, 9.9999986E+001, 1.0000010E+002, 1.0000002E+002, 9.9999995E+001, 1.0000002E+002
 9.5823832E+002, 9.9999986E+001, 1.0000010E+002, 1.0000002E+002, 9.9999995E+001, 1.0000002E+002
 9.5916014E+002, 9.9999986E+001, 1.0000010E+002, 1.0000002E+002, 9.9999995E+001, 1.0000002E+002
 9.6008197E+002, 9.9999986E+001, 1.0000010E+002, 1.0000002E+002, 9.9999995E+001, 1.0000002E+002
 9.6100380E+002, 9.9999986E+001, 1.0000010E+002, 1.0000002E+002, 9.9999995E+001, 1.0000002E+002
 9.6238653E+002, 9.9999986E+001, 1.0000010E+002, 1.0000002E+002, 9.9999995E+001, 1.0000002E+002
 9.6330836E+002, 9.9999986E+001, 1.0000010E+002, 1.0000002E+002, 9.9999995E+001, 1.0000002E+002
 9.6423019E+002, 9.9999986E+001, 1.0000010E+002, 1.0000002E+002, 9.9999995E+001, 1.0000002E+002
 9.6515201E+002, 9.9999986E+001, 1.0000010E+002, 1.0000002E+002, 9.9999995E+001, 1.0000002E+002
 9.6607384E+002, 9.9999986E+001, 1.0000010E+002, 1.0000001E+002, 9.9999995E+001, 1.0000002E+002
 9.6745658E+002, 9.9999986E+001, 1.0000010E+002, 1.0000001E+002, 9.9999995E+001, 1.0000002E+002
 9.6837840E+002, 9.9999985E+001, 1.0000010E+002, 1.0000001E+002, 9.9999995E+001, 1.0000002E+002
 9.6930023E+002, 9.9999985E+001, 1.0000010E+002, 1.0000001E+002, 9.9999994E+001, 1.0000002E+002
 9.7022206E+002, 9.9999985E+001, 1.0000010E+002, 1.0000001E+002, 9.9999994E+001, 1.0000002E+002
 9.7114388E+002, 9.9999985E+001, 1.0000010E+002, 1.0000001E+002, 9.9999994E+001, 1.0000002E+002
 9.7206571E+002, 9.9999985E+001, 1.0000010E+002, 1.0000001E+002, 9.9999994E+001, 1.0000002E+002
 9.7344845E+002, 9.9999985E+001, 1.0000010E+002, 1.0000001E+002, 9.9999994E+001, 1.0000002E+002
 9.7437027E+002, 9.9999985E+001, 1.0000010E+002, 1.0000001E+002, 9.9999994E+001, 1.0000002E+002
 9.7529210E+002, 9.9999985E+001, 1.0000010E+002, 1.0000001E+002, 9.9999994E+001, 1.0000002E+002
 9.7621393E+002, 9.9999985E+001, 1.0000010E+002, 1.0000001E+002, 9.9999994E+001, 1.0000002E+002
 9.7713575E+002, 9.9999985E+001, 1.0000010E+002, 1.0000001E+002, 9.9999994E+001, 1.0000002E+002
 9.7805758E+002, 9.9999985E+001, 1.0000010E+002, 1.0000001E+002, 9.9999994E+001, 1.0000002E+002
 9.7944032E+002, 9.9999985E+001, 1.0000010E+002, 1.0000001E+002, 9.9999994E+001, 1.0000002E+002
 9.8036215E+002, 9.9999985E+001, 1.0000010E+002, 1.0000001E+002, 9.9999994E+001, 1.0000002E+002
 9.8128397E+002, 9.9999985E+001, 1.0000010E+002, 1.0000001E+002, 9.9999994E+001, 1.0000002E+002
 9.8220580E+002, 9.9999985E+001, 1.0000010E+002, 1.0000001E+002, 9.9999993E+001, 1.0000002E+002
 9.8312762E+002, 9.9999984E+001, 1.0000010E+002, 1.0000001E+002, 9.9999993E+001, 1.0000002E+002
 9.8404945E+002, 9.9999984E+001, 1.0000010E+002, 1.0000001E+002, 9.9999993E+001, 1.0000002E+002
 9.8543219E+002, 9.9999984E+001, 1.0000010E+002, 1.0000001E+002, 9.9999993E+001, 1.0000002E+002
 9.8635402E+002, 9.9999984E+001, 1.0000010E+002, 1.0000001E+002, 9.9999993E+001, 1.0000002E+002
 9.8727584E+002, 9.9999984E+001, 1.0000010E+002, 1.0000001E+002, 9.9999993E+001, 1.0000002E+002
 9.8819767E+002, 9.9999984E+001, 1.0000010E+002, 1.0000001E+002, 9.9999993E+001, 1.0000002E+002
 9.8911949E+002, 9.9999984E+001, 1.0000010E+002, 1.0000001E+002, 9.9999993E+001, 1.0000002E+002
 9.9004132E+002, 9.9999984E+001, 1.0000010E+002, 1.0000001E+002, 9.9999993E+001, 1.0000002E+002
 9.9142406E+002, 9.9999984E+001, 1.0000010E+002, 1.0000001E+002, 9.9999993E+001, 1.0000002E+002
 9.9234589E+002, 9.9999984E+001, 1.0000010E+002, 1.0000001E+002, 9.9999993E+001, 1.0000002E+002
 9.9326771E+002, 9.9999984E+001, 1.0000010E+002, 1.0000001E+002, 9.9999993E+001, 1.0000002E+002
 9.9418954E+002, 9.9999984E+001, 1.0000010E+002, 1.0000001E+002, 9.9999993E+001, 1.0000002E+002
 9.9511136E+002, 9.9999984E+001, 1.0000010E+002, 1.0000001E+002, 9.9999993E+001, 1.0000002E+002
 9.9603319E+002, 9.9999984E+001, 1.0000010E+002, 1.0000001E+002, 9.9999992E+001, 1.0000002E+002
 9.9741593E+002, 9.9999984E+001, 1.0000010E+002, 1.0000001E+002, 9.9999992E+001, 1.0000002E+002
 9.9833776E+002, 9.9999983E+001, 1.0000010E+002, 1.0000001E+002, 9.9999992E+001, 1.0000002E+002
 9.9925958E+002, 9.9999983E+001, 1.0000010E+002, 1.0000001E+002, 9.9999992E+001, 1.0000002E+002
 1.0000000E+003, 9.9999983E+001, 1.0000010E+002, 1.0000001E+002, 9.9999992E+001, 1.0000002E+002
